Rank,Address,Address_Nametag,Quantity,Percentage,Value
1,0xda13cec4fba742e123b5093dfd00b9e020d1be24,,"11,007,078.17",64.56%,"$6,556,167.99"
2,0x25d28a24ceb6f81015bb0b2007d795acac411b4d,,"3,736,573.60",21.92%,"$2,225,622.81"
3,0x5786b267d35f9d011c4750e0b0ba584e1fdbead1,,"240,833.34",1.41%,"$143,448.04"
4,0x51e3d44172868acc60d68ca99591ce4230bc75e0,MEXC.com,"232,536.96",1.36%,"$138,506.45"
5,0xa420a876c73be07bbedea94ad975888e5244a127,,"150,000",0.88%,"$89,344.80"
6,0x0d0707963952f2fba59dd06f2b425ace40b492fe,Gate.io 1,"71,259.85",0.42%,"$42,444.65"
7,0x242cfefadb24482f4621d24159dd894179bd356e,,"67,228.24",0.39%,"$40,043.29"
8,0x5d7462e2c649437dbde279521dbcf52ec70788e3,,"62,469.87",0.37%,"$37,209.05"
9,0xb2d0d5c86d933b0acefe9b95bec160d514d152e1,,"54,147.36",0.32%,"$32,251.90"
10,0xd8d6ffe342210057bf4dcc31da28d006f253cef0,,"46,854.66",0.27%,"$27,908.13"
11,0x2781af561003c2fd9d45647885eda0dfbff3be28,,"43,121.36",0.25%,"$25,684.46"
12,0xfec3a995588a4bc72bed6a47f6c3a61946030001,,"40,516.28",0.24%,"$24,132.79"
13,0x896b94f4f27f12369698c302e2049cae86936bbb,,"35,000.00",0.21%,"$20,847.12"
14,0x7fcc81e393c71b76062026f60c21867ca9b3d938,,"34,614.34",0.20%,"$20,617.41"
15,0x400e845881105c0f8e749e3e5c6c6350471b8d6c,,"34,087.08",0.20%,"$20,303.35"
16,0x64a3b8ca5a7e406a78e660ae10c7563d9153a739,,"27,972.66",0.16%,"$16,661.41"
17,0x9803c7ae526049210a1725f7487af26fe2c24614,,"24,156.81",0.14%,"$14,388.57"
18,0x3f5141987214f4ef5ca16fb4c77dbcca5f0cd24a,,"23,839.78",0.14%,"$14,199.73"
19,0x9ec3ed5322afeadced5b13474dec1dc464c8101a,,"22,328.42",0.13%,"$13,299.52"
20,0xebf9137331705367ea60fa984131e0cd614287c8,,"21,903.37",0.13%,"$13,046.35"
21,0x039ac6fbcebf02b54259bc690e13540693d9eb8d,,"21,135.00",0.12%,"$12,588.68"
22,0x52e27c5e885c1ba05d5f8c9d6af7cea404f277f6,,"20,852.81",0.12%,"$12,420.60"
23,0x4d2263ff85e334c1f1d04c6262f6c2580335a93c,,"20,538.08",0.12%,"$12,233.14"
24,0x7a8313e2e9f4cef2efecad4a2f45eb5bb7eccd52,,"18,610.74",0.11%,"$11,085.15"
25,0x0ddac46267bf3d967885924561cc968673330c86,,"18,544.84",0.11%,"$11,045.90"
26,0xadfbb6cecc82c3087f43647aad43bf23c7b5a8ce,,"14,981.37",0.09%,"$8,923.39"
27,0xeb9436a3735a9d7f2888afec44af774206edbf17,,"13,997.69",0.08%,"$8,337.47"
28,0xa2e6acb05ae52194af19e332721fb9bd88b8957e,,"13,405.57",0.08%,"$7,984.78"
29,0x24f1d2b31d30b9dc64ca6383dcbf364a917d716b,,"13,086.55",0.08%,"$7,794.77"
30,0x41e19087975f97fbd86a7193e1f233a75b8d700f,,"12,563.68",0.07%,"$7,483.33"
31,0x4b10458797dd540baa5c4bdbe5e85ff1d1c99ee8,,"11,650.82",0.07%,"$6,939.60"
32,0x06208a3749ee5224da14fc1c873872a0ae426f07,,"11,026.74",0.06%,"$6,567.88"
33,0x53ec3fdeed5c37d0173483050dd458c4a114ca0f,,"10,734.74",0.06%,"$6,393.95"
34,0xe32a86ff6d403ea44d5ce4a8e11e1f138c96fa8d,,"10,523.09",0.06%,"$6,267.89"
35,0x66eecd2597c2811c3006cb9ee5218f4c92b852f0,,"10,169.93",0.06%,"$6,057.54"
36,0x70a5d20e2d0e9ff77458250b90bbca6098bded9d,,"9,987.75",0.06%,"$5,949.02"
37,0x723f96b090ec662d42feeabcc5b9625fede2f716,,"9,602.24",0.06%,"$5,719.40"
38,0xe9ee9f2857b559c67dd03576a1c74589a6af6197,,"8,132.12",0.05%,"$4,843.75"
39,0x09053745a04a7e78492ee8fdb866c750594f2a60,,"7,821.73",0.05%,"$4,658.87"
40,0x1a106f7d14d3f982c848c9e1c587658ca219069e,,"7,630.38",0.04%,"$4,544.90"
41,0x8aff2e5c987f1efafa2c91be4495341a8f1085f6,,"6,770.44",0.04%,"$4,032.69"
42,0x59fce26df18954f22204d104d08f5845ef9e9a1c,,"6,066.94",0.04%,"$3,613.66"
43,0xba6c98f1cc6869eccbeb892b7a603f8f02db3b29,,"6,000",0.04%,"$3,573.79"
44,0x922d012c7e8fce3c46ac761179bdb6d16246782d,,"5,986.74",0.04%,"$3,565.90"
45,0x7ce439e41df40fe48a54266b4fe607cb0fffbbd5,,"5,982.75",0.04%,"$3,563.52"
46,0xd6c8fc05d64a314184fc6f35ac0840494687eaa0,,"5,790.32",0.03%,"$3,448.90"
47,0xcc0c098f170281810966b4133c794cb91c5587b2,,"5,698.49",0.03%,"$3,394.20"
48,0xd9cfab54f1234aeea22b2818ab919866a2809c1c,,"5,678.06",0.03%,"$3,382.04"
49,0xcbc7e8e89546ec1af54ea0ba87d2778dd13565c3,,"5,654.75",0.03%,"$3,368.15"
50,0x65b21fd42e985a742196c4bbab39cec0e1969d59,,"5,617.92",0.03%,"$3,346.22"
51,0x2b5240b659598de4dbfafd9bed5ed5a4c4fd271e,,"5,478.04",0.03%,"$3,262.90"
52,0x8739351f30640e88512fba8d35d4c58d8709cbbe,,"5,477.51",0.03%,"$3,262.58"
53,0x809676df9f7ef012b1201e767575bc9b5aebd108,,"5,402.11",0.03%,"$3,217.67"
54,0x056359b2b39e5300fd3e5f12638fbd9146c3c049,,"5,374.45",0.03%,"$3,201.19"
55,0xc15a06d057d68a067e561b927b636d8c1e53b7c8,,"5,302.14",0.03%,"$3,158.13"
56,0x0bf92dee04456e3851d7418ed890d5522d7bd496,,"5,288.34",0.03%,"$3,149.90"
57,0x1ef78549537b3516e95462a3db80333f33b521ad,,"5,248.91",0.03%,"$3,126.42"
58,0x44e2248a47c14a1dc591bc38e4c29f95ac1e2ed9,,"5,241.46",0.03%,"$3,121.98"
59,0xe6f578727d406c7d6fc021c8410adc4bb74306af,,"5,194.67",0.03%,"$3,094.11"
60,0xa4a570c6d82fd1eecb49b1d85c126afe3873971c,,"5,087.58",0.03%,"$3,030.33"
61,0xa4e3555ab4bb3edd2f50b82279d30d6b49261fcc,,"5,000.40",0.03%,"$2,978.40"
62,0x1611cad092c8744ce2361a64273ec1cc049e825c,,"5,000.09",0.03%,"$2,978.21"
63,0xe8c962f71a77f3dfbd9ac73b7ef42a73d7eb3d70,,"4,921.74",0.03%,"$2,931.55"
64,0x5e40c141cfc05ee8e2f5665d58cb6f59791766f6,,"4,764.36",0.03%,"$2,837.81"
65,0x4e78011ce80ee02d2c3e649fb657e45898257815,KlimaDAO: KLIMA Token,"4,682.81",0.03%,"$2,789.23"
66,0x1401f01b8319bd53f7cae49193863ad43a18b7b9,,"4,527.29",0.03%,"$2,696.60"
67,0xcb61e3470aeaae4146acb787cc3b42d24cd5b631,,"4,517.87",0.03%,"$2,690.99"
68,0x0d9bdbf579a33c5c1db9974d754defdc659766a9,,"4,319.14",0.03%,"$2,572.62"
69,0x0319000133d3ada02600f0875d2cf03d442c3367,SushiSwap: Bento Box V1,"4,303.52",0.03%,"$2,563.31"
70,0xb3d51f095d479a1808e46bfa3180451655b540fe,,"4,283.47",0.03%,"$2,551.37"
71,0xdcbc1bcc880d083082f5f354ce895a1fd58fe152,,"4,280.08",0.03%,"$2,549.35"
72,0x09ca5c64c749998bae9dad9f14d38d859fc41cae,,"4,194.38",0.02%,"$2,498.31"
73,0x3a25348eb7e48d4a735700c5d0576956b5fc5b9f,,"4,126.13",0.02%,"$2,457.65"
74,0xa2dbe81b9726615119e2a990cb46ba220b5778f6,,"4,096.51",0.02%,"$2,440.01"
75,0xdc0d6615ac6d245636af6f3ca75f6edfd811422d,,"4,028.06",0.02%,"$2,399.24"
76,0x303b481055b0cee381a64c3ad84d5e5586f9dd68,,"4,007.83",0.02%,"$2,387.19"
77,0xf3350df87ee52eced509c4adbb59c8beb7b17e77,,"4,000.96",0.02%,"$2,383.10"
78,0x55ddcd7b01bc7492ca3e398887296912b088878e,,"4,000",0.02%,"$2,382.53"
79,0x5693c3ff9aeb1338691d630479dc4beed5a232d1,,"3,920",0.02%,"$2,334.88"
80,0xbae57552a3b2c908480ac0e8eeaf0b7705bdfb36,,"3,811.27",0.02%,"$2,270.11"
81,0xa813251e163766361adfb9700748397977a54ea0,Bitrue,"3,798.36",0.02%,"$2,262.42"
82,0x2ba1d6a1de08d6be7ccf885b8f8806b92a1458c1,,"3,568.85",0.02%,"$2,125.72"
83,0x44584ab5083f14a67d9c41099c1cda5d7eb1f7a7,,"3,542.66",0.02%,"$2,110.12"
84,0xca37f8be8a7058555253d46921be191f8539cc15,,"3,520.11",0.02%,"$2,096.69"
85,0xc7f4f9d82609ce876ba5f9ece143c6e2c8917f8d,,"3,343.41",0.02%,"$1,991.44"
86,0x6fc2ec5d8c8c98ec9563e97b6bd009d7dc5359c2,,"3,326.39",0.02%,"$1,981.31"
87,0x84cc602003fe25287efe4af13eb84773feaf8245,,"3,319.64",0.02%,"$1,977.28"
88,0x82f4be67c7719c0796d169112f4e787323b1407b,,"3,221.10",0.02%,"$1,918.59"
89,0x1d7d835f46b3e4b6dacfc4431b0ecaf331816761,,"3,171.51",0.02%,"$1,889.05"
90,0x90d8867c029fc9a0a7e9d3423e448214d7dad367,,"3,164.12",0.02%,"$1,884.65"
91,0x322e25431a487c8ffb84f3cad9d4e9c1c7e9bae2,,"3,050.85",0.02%,"$1,817.19"
92,0x6e91f704328456969f275aa303053597c2b9b3ad,,"3,028.36",0.02%,"$1,803.79"
93,0x5b5099c643c597f4f6c6179a06b3ad8abd6cc13c,,"3,000",0.02%,"$1,786.90"
94,0x4cf21f2b022d16a3c8439789ba3bfe366a514043,,"2,987.82",0.02%,"$1,779.64"
95,0xa31d64f8cc6a034cee2b6920d2312da39511ad6c,,"2,980.51",0.02%,"$1,775.29"
96,0x39b1acb2f2faa31b89407ada8e9589cb9e9ab525,,"2,850.01",0.02%,"$1,697.56"
97,0xc2d0d7b1d50b07a14a4b0edcb39af283cd9e9781,,"2,842.60",0.02%,"$1,693.14"
98,0x8e7e0cf5053384266dc0c1f1c9583bcde84585d5,,"2,835.22",0.02%,"$1,688.75"
99,0x4cb35fd749a1049cd40c219dc3fa25e7552f88c1,,"2,745.61",0.02%,"$1,635.37"
100,0x88cc3456e4bad2fbc19fd76b959a56fb8eae6f4c,,"2,643.68",0.02%,"$1,574.66"
101,0xfbfdb32fd2bf6709ad8de905bdded9ae382c8af8,,"2,633.42",0.02%,"$1,568.55"
102,0x3631401a11ba7004d1311e24d177b05ece39b4b3,,"2,578.24",0.02%,"$1,535.68"
103,0x0f28ea226ee4c77e78bf8c99d4b8f578058f3335,,"2,556.85",0.02%,"$1,522.94"
104,0x5b9a14cd84b0c6e9691e5444e213e7d0ae83c870,,"2,505.37",0.01%,"$1,492.28"
105,0xaa4931b1ff1b055efc0a4a98518f979bf8d73ad8,,"2,453.59",0.01%,"$1,461.43"
106,0xb0f22fc15f4cddd5bd0b79457406f6643a4a3920,,"2,373.40",0.01%,"$1,413.67"
107,0x933c24e7bf21a084ea8efe287472662ecaa6b0f1,,"2,318.02",0.01%,"$1,380.69"
108,0xf2cada553318cfb1689869f06769f1350866ae9d,,"2,266.70",0.01%,"$1,350.12"
109,0xcfa5b4eb6411eda43554eb7631490d2bee30d611,,"2,260.57",0.01%,"$1,346.47"
110,0xd314c9fddb38770ccc740463e5d316ab9b559b44,,"2,242.98",0.01%,"$1,335.99"
111,0x055d3bd5d4806514c3160a1e0176da81931093fa,,"2,207.75",0.01%,"$1,315.01"
112,0x7c62b2d41059448e9f4726602ceec5d472cef173,,"2,188.73",0.01%,"$1,303.68"
113,0xcf6c3cbca1fca8c4bac3c3bb091939e193bd6cf6,,"2,175.87",0.01%,"$1,296.02"
114,0x87d4e259a750b003dfb5224e949c5a964d326df2,,"2,156.48",0.01%,"$1,284.47"
115,0x3ab240b25434b3b509b765d6c81e69d90cb5a55f,,"2,136.48",0.01%,"$1,272.55"
116,0xfade238b1593c9ef6e443b1a013f9815090bd287,,"2,135.36",0.01%,"$1,271.89"
117,0x636de8a722c2679ae760d7fd3cf4c2dd4846d057,,"2,076.86",0.01%,"$1,237.05"
118,0x7ccc3748702647cfdb066863104d3af92557e8ea,,"2,063.77",0.01%,"$1,229.25"
119,0x7a1cb6cc3fadfe58928e2979e9d1b88792c20257,,"2,033.73",0.01%,"$1,211.36"
120,0x16a92ef26d5f70e974dff39c87d87829ac3a1343,,"2,018.16",0.01%,"$1,202.08"
121,0x0b6eda021fec3b26e294883f2da148b5dd82dcac,,"2,013.31",0.01%,"$1,199.19"
122,0xc628f81ba0baa95f567f310db1fff8cf9937879c,,"2,005.06",0.01%,"$1,194.28"
123,0xc75b4eb4118bc726b80491189f1123f3b1951870,,"2,004.60",0.01%,"$1,194.00"
124,0x480d0e154f8fdffa434063b4e786058ea959a9b0,,"1,948.37",0.01%,"$1,160.51"
125,0x9237319e4c60243b7260b304e7b075da0093cc55,,"1,946.19",0.01%,"$1,159.21"
126,0xa65692a693ccabd4048720e441a251c2d8f6261c,,"1,897.36",0.01%,"$1,130.13"
127,0x5188a0cde9483dc11ce00d2e59f47383f4d8f9f4,,"1,893.72",0.01%,"$1,127.96"
128,0xa598b60603bbe6a72020be81ba177f4cf496e9cb,,"1,888.01",0.01%,"$1,124.56"
129,0x7ded1f6666c6350e01d43fa2b7bbafb44e09e2fb,,"1,879.30",0.01%,"$1,119.37"
130,0x0bc3a18b538779c7a575f7fe716e0bafdc50d176,,"1,868.83",0.01%,"$1,113.14"
131,0xe2b2ccc9e758dce0e14371934911274e0afe8880,,"1,866.55",0.01%,"$1,111.78"
132,0x528295e1e4179209a42e57dfe9258bd7f1cff0ca,,"1,843.37",0.01%,"$1,097.97"
133,0x1ef87ae94fc137d32c347452fa7af95fbd163168,,"1,816.75",0.01%,"$1,082.11"
134,0xc01f6d98decf5b6a7012f801a1dbb658e679f62e,,"1,808.56",0.01%,"$1,077.23"
135,0xdb3d0910b1ff1c876a17168336cac1502889becd,,"1,782.31",0.01%,"$1,061.60"
136,0x7032994807eff4b3bc91c08cafa95b24dc86b248,,"1,745.15",0.01%,"$1,039.47"
137,0x902a2dfb490a6753de072c6333c21c6073512ca2,,"1,718.36",0.01%,"$1,023.51"
138,0xa695293e700312b75d05f93989bac5c2f55bea06,,"1,708.95",0.01%,"$1,017.90"
139,0xc09bbfc1318f10578a033238c312984220b35ae3,,"1,676.36",0.01%,$998.49
140,0x88c4c783684a78b7efb5809c3922def7698495d6,,"1,666.83",0.01%,$992.82
141,0x5b6b0ae0df86d0bd7a2513241648fc38065cfbb9,,"1,651.92",0.01%,$983.94
142,0xf4952f29ca21487fefcdeca07bbca0be357955e2,,"1,581.84",0.01%,$942.19
143,0x38e5624cbb6537c673e3a3cc124c7b44253516b0,,"1,575.97",0.01%,$938.70
144,0x4c4bd90ec00557d4384296ebbe78d6cee2bb2bbd,,"1,556.72",0.01%,$927.23
145,0xf9e5bd3e6ae84130ac6a7c6ef586b5f2d405d40a,,"1,556.02",0.01%,$926.82
146,0x663ef426656fd14556cd01aeaf8366ef9afd70db,,"1,550",0.01%,$923.23
147,0xbd013066e05ed4b67537cde215981a6466472433,,"1,535.69",0.01%,$914.71
148,0x0ca270a9afa173b053bd73e3dc922cf922390f94,,"1,529.62",0.01%,$911.09
149,0x098beafaebcbf5cb9bbf1726af09f1b98787584e,,"1,519.15",0.01%,$904.85
150,0x72c4df4e8c295372a93e8842b94024e0c7caa91a,,"1,515.36",0.01%,$902.60
151,0x9188ea77b61e141b4f8a0aff4c7760977800e756,,"1,491.56",0.01%,$888.42
152,0x924863db96c788383035db0ad1a078705d958750,,"1,479.55",0.01%,$881.27
153,0x8ddd05c04eed7ad151bc72696c3e483368bf9c91,,"1,471.87",0.01%,$876.69
154,0xe6df0409b618fea1b87e8507c170198ac614731c,,"1,448.23",0.01%,$862.61
155,0xb1ee63b038660d891b254dd2f49c7780b04f182f,,"1,447.27",0.01%,$862.04
156,0xc440cea0cdac71e47f9f1f1a0e058f6c79a4ecf1,,"1,444.47",0.01%,$860.37
157,0x63ccf61ee8d36d9e4076e22928a195db8fd6e084,,"1,444.05",0.01%,$860.12
158,0x42b2d88a432ee9a025448942e62e0b84511a5f89,,"1,439.24",0.01%,$857.26
159,0xf42cc3a6e2bd7a0e8a7f1e915f51f6676aa92ade,,"1,429.39",0.01%,$851.39
160,0x006cff4033af2bd17cfc9185ec715b111c683d01,,"1,401.90",0.01%,$835.01
161,0xbb45aad6b4057be27866019b07f9dc55443131ca,,"1,401.37",0.01%,$834.70
162,0x6bfc2487d4e24e1280dbd367b7a34e7d8774eeba,,"1,398.30",0.01%,$832.87
163,0x6e33f00265805b99a6abc0c2a078a44cdb8a7b8d,,"1,368.63",0.01%,$815.20
164,0xfc2734b0e4b61ef40cfef51d07099a7a82927750,,"1,332.15",0.01%,$793.47
165,0xbbb40b66825669c152576dc99f097d1796fbf103,,"1,327.73",0.01%,$790.84
166,0xf39b8d7fd54bf1f05f327444dd1c0fd5115dd44a,,"1,325",0.01%,$789.21
167,0xd032d77887714b3d6d9dee30b03a6e1a20ae77eb,,"1,324.22",0.01%,$788.75
168,0x787b4b7ffef8eddad54f311039acf4c36fec9593,,"1,301.25",0.01%,$775.06
169,0xb6ce039c80856a3f553c6c9f22386e09e08335aa,,"1,291.58",0.01%,$769.30
170,0x4bc23896b70050a863c1449463f5364a39e4153c,,"1,274.33",0.01%,$759.03
171,0x6d7f98ee7c91af57a81416bb8f4902adb2204714,,"1,268.27",0.01%,$755.42
172,0x27ee3d1f71f41dead9661ea092f236b4bd14f380,,"1,251",0.01%,$745.14
173,0xbbca9d890fd61b1da3c607756508c4e97ece2e30,,"1,223.40",0.01%,$728.70
174,0x1605b5fc17b02daed754f67d65d203f1156f39dd,,"1,221.70",0.01%,$727.68
175,0xa15354ef7748349746bbe19316ac3fa1aa7c30f4,,"1,218.92",0.01%,$726.03
176,0x1245544e8d756096923897a4dce3d47f6413f495,,"1,212.60",0.01%,$722.26
177,0x011771812b07a6f15c1d97ce759ea1bfa0ab932e,,"1,208.98",0.01%,$720.10
178,0x74e3e26e03b9122aeb8a9ccef0d6282d5b62de19,,"1,201.23",0.01%,$715.49
179,0x9fb1838ec45673a45a4853b2e26b7f4f73400ae6,,"1,197.31",0.01%,$713.15
180,0xf473b0b9f8be3e5ff4cbda9757d803725732d3b1,,"1,195.71",0.01%,$712.20
181,0x0f7d2b5fb0276c2e1f877f071b1c3bfd171442d0,,"1,192.80",0.01%,$710.47
182,0x9bcbd29c0560b1c9fcc1acb586897b12edf6d4d2,,"1,149.19",0.01%,$684.50
183,0xf8f7e39b48949fd525041539b378f85af6ba90f9,,"1,147.80",0.01%,$683.66
184,0xe71356127715715727715f5cbd93608a41428882,,"1,133.84",0.01%,$675.35
185,0x189b0c0f21fa4839eed08ca49c735a42bad4d964,,"1,132.68",0.01%,$674.66
186,0xd31b51326f6d6ac1f8a78fe1a90a0a477cfc1c1d,,"1,102.06",0.01%,$656.42
187,0x742163b82dbd20b5b2004c02934c09b633ddc7ed,,"1,100.84",0.01%,$655.69
188,0x7b2366996a64effe1af089fa64e9cf4361fddc6e,,"1,100.51",0.01%,$655.50
189,0x9359e06c63ee9de16eb9be0c1e85a88242f4ec48,,"1,100",0.01%,$655.20
190,0xfd5bdb77dedd8b04524ac5141637356b55bf582c,,"1,095.72",0.01%,$652.65
191,0x5cb92610d15a501f558c8d1659194e3e4aa4a40f,,"1,093.13",0.01%,$651.10
192,0x8ec833a87c567c2108a24f414430d626ec609347,,"1,084.16",0.01%,$645.76
193,0xbac3125665a0fa07981806dd261bee2354260ba2,,"1,074.59",0.01%,$640.06
194,0x739ca340c8f82466a9ba5384baaf5b6249e954b9,,"1,067.00",0.01%,$635.54
195,0x53b154b7b594c07f5301380dc608eed71761377e,,"1,064.84",0.01%,$634.25
196,0x1429e7b4944d19c9b25af2a40627e394090ec858,,"1,062.00",0.01%,$632.56
197,0x5e763fbcc3c62c053dd0694bcc176eae2b5d2697,,"1,051.85",0.01%,$626.52
198,0xb208e3dcc8e2b091fa4b9aa65d528fdfdc8bfa93,,"1,048.25",0.01%,$624.37
199,0xe8e09a10748971471f3847d59db9585ddf95339a,,"1,043.60",0.01%,$621.60
200,0x2261d6404d719e2693e2b12cb057fdcdacb4dae0,,"1,031.00",0.01%,$614.10
201,0xfdd40c4c71884d0219b7c9c7533024d6f3bf97c9,,"1,031.00",0.01%,$614.09
202,0x7d9d6f75415348cc54495d37f8db5165dfa60c07,,"1,030.68",0.01%,$613.91
203,0x9f65baee153b4173bc95dd04d63bfb8d09f07c5c,,"1,026.04",0.01%,$611.14
204,0xc1b48c3cc5dcae2f024e5d6ce753061577fec074,,"1,019.70",0.01%,$607.37
205,0x69956effd299a0861a7bfdd6c70ae106835ce45d,,"1,019.26",0.01%,$607.10
206,0x2367432dc27e2e96b7ab8a0b0e4fcb28dd5a1c1f,,"1,017.90",0.01%,$606.29
207,0x1d4993a9e07091f7667858de0dbc7504ecd4b7c4,,"1,017.79",0.01%,$606.23
208,0x244103eaf414db32fdd78301bcdee19a284cbc8e,,"1,017.62",0.01%,$606.13
209,0xd881dc9287702d040c842a21269e9b876e9b1607,,"1,017.53",0.01%,$606.07
210,0x3a93d99b4e618057065f0fa873e5ff251c0afcb4,,"1,012.16",0.01%,$602.88
211,0xda0850ecd12cfc5ae679dec9b7967ec44dec99f2,,"1,010.41",0.01%,$601.83
212,0x899d4dc95facb37ce72106af27f3ac719505318c,,"1,009.51",0.01%,$601.30
213,0x7926ae243e176e2900eeb3605d6a6a84a855f48c,,"1,009.07",0.01%,$601.03
214,0x1331dcaef00b28b203d7c8ea0971189a46d714e0,,"1,005.41",0.01%,$598.86
215,0xd5c004149c574f62c22e7e0c3e666bc68eca9814,,"1,005.18",0.01%,$598.72
216,0xafee5ec9cd7847dd508ba723c29635ee7415f77f,,"1,004.41",0.01%,$598.26
217,0xa54d83f40a2edbc94bf9fb3ec2d7098d6f4520c5,,"1,003.02",0.01%,$597.43
218,0x36adf94af6a8fff055f562021ebab1760c622fd9,,"1,002.11",0.01%,$596.89
219,0x918f64eb8cbfa215a43543862277db60587ac2e4,,"1,002",0.01%,$596.82
220,0xcd597c96e9368f5726bd5743e9ed87424bfa6af3,,"1,001.88",0.01%,$596.75
221,0x93705139d0e89660d3edb1956d21f354511da54e,,"1,001.62",0.01%,$596.60
222,0xb2fb00ab3aad938f09e26e5d029561cd6e0415fb,,"1,001.47",0.01%,$596.51
223,0x8d543946d4276268d8f2aa7d37f43494d04d6c67,,"1,000.46",0.01%,$595.91
224,0x359ede64e9338af029c6b66051aadb69696dd463,,"1,000.25",0.01%,$595.78
225,0x5949bb97f85ca6ba2a5763ed101e76531683bd9b,,"1,000.00",0.01%,$595.63
226,0x400448663accefb8d9305fecd02a71ddfc00dda7,,"1,000",0.01%,$595.63
227,0xa72b3a09dd2b47b9477c33948ad961854043e062,,"1,000",0.01%,$595.63
228,0x0865f2686fc8c45d5dc09d13b26a4f733b142bde,,995.74,0.01%,$593.09
229,0x61aee523715e76dd3ba15107528bdd413c0b3f39,,988.50193,0.01%,$588.78
230,0x593b6ee7b2281cebe4ea2c6097034eb9b63f7eb2,,979.7008267,0.01%,$583.54
231,0x9e5117e716e8801ef375eaa21adadf0925244abb,,974.9326148,0.01%,$580.70
232,0x1c9fdf25fc2bfeef25ef7505f6a43204e254a692,,974.2685257,0.01%,$580.31
233,0x0351cff00bdc704cc7dc3b45972c33b4305f41dc,,973.301388,0.01%,$579.73
234,0x6aeb6215a857fb010f6b2a9d661a6da5586df6fa,,967.7656697,0.01%,$576.43
235,0xa7717f497fa154cb33a03918a9aa1870bdf9c58d,,951.3500265,0.01%,$566.65
236,0x8f777c5cdaa02254672bb538e1ecb8941995a230,,950.2080763,0.01%,$565.97
237,0xd254d693864e04bcc81779de808b7b620039d9fb,,948.2061398,0.01%,$564.78
238,0x9bed594cdb37c1d1d063e357fa760a6a55ef16c6,,946.0881612,0.01%,$563.52
239,0x5b946968ec0c981bc847e96e220d5e84f1c503b9,,945.5130921,0.01%,$563.18
240,0xafafdcd32b24c73a3eaf163ad5d51d9365ecd5a4,,944.1873824,0.01%,$562.39
241,0xc6c7bdc4e3854b54696e98d1ca87eb14157aabd8,,939.88,0.01%,$559.82
242,0x9d5a4adc5395a8bbee23bc864a942226781d07b7,,933.6315482,0.01%,$556.10
243,0x336f21607fb3b2ff20215fba5a3091e2c573896d,,933.3957219,0.01%,$555.96
244,0x58340603e278a2e7a59840540ad935dc4aac0fc3,,933.3893981,0.01%,$555.96
245,0x9ec5625b37f2f712cf3fcea98078085fa88a05c3,,927.3280887,0.01%,$552.35
246,0xd0a4ef2269016b234b7c7fd64920f98ec91f648a,,925.2284377,0.01%,$551.10
247,0x0b2f10a7974d1290db7bcbd31f1c5b2aca4bbb1c,,918.45183,0.01%,$547.06
248,0x8c7e287234a2728b774204700c4f1a82aca626a3,,916.4391677,0.01%,$545.86
249,0x366f7f19a6f27d00c31d9ef668fb2597ed9fa415,,913.2477854,0.01%,$543.96
250,0xcab2863cefb8bc7f6d0f1cfd8005011331dcbd3e,,909.8570288,0.01%,$541.94
251,0xc5c23c589252bfb45e8e693e4ff3a7c15154d487,,909.7429697,0.01%,$541.87
252,0xbccd11e75b236bf01120c49c33d135fa8d444cee,,907.7762717,0.01%,$540.70
253,0x4f7c3b1602318af180fb6fd979d538b0b41cb392,,902.5175906,0.01%,$537.57
254,0xe38206ae29188a36bd4fc1eff80ab3e8e3266b86,,894.0357955,0.01%,$532.52
255,0xb388a2483ab0bb25344c4df59fa0ff1cc3419b96,,892.422429,0.01%,$531.56
256,0xa2b9d5f67ac5e435fab73848f3490bbbd34f4a7b,,885.52,0.01%,$527.44
257,0x198a1c6dc14e16cedb45ecb526f2c3dd56cd4022,,883.2015168,0.01%,$526.06
258,0x48e0be70286384367b0955244471b442c6ec957e,,878.54,0.01%,$523.29
259,0xf8b383e0c6a044936c5d217ecf526da4560f18a1,,870.76959,0.01%,$518.66
260,0xf0b2a757f7e2cf932432db104bfbf0f4a6c539ee,,869.4750464,0.01%,$517.89
261,0x3be2c6371903fcf173191ef2214ab127eed45384,,865.7148688,0.01%,$515.65
262,0xccb6f8d813ff3f69b664169bf04913c80a846f1f,,862.184348,0.01%,$513.54
263,0xb7bd7fd8027341df1bc4ea646a139c12d2db562f,,854.4896463,0.01%,$508.96
264,0x651f98abdf04c9c5dc3f9e7f6dc4b43bb3b1de07,,849.8555322,0.01%,$506.20
265,0xcaff53c0c91a87cb8738d6e0a2cd0fa52dd3577b,,845.3910201,0.01%,$503.54
266,0x0cad1588ab5ce1027719007a43e8a78376d97fde,,840.3761225,0.00%,$500.55
267,0x28c20199e637d1d1198ed95eb92ccda50cb7a5ab,,833.821138,0.00%,$496.65
268,0xf37d151c80eec405a32d310e36dd0639bb2252df,,831.5368471,0.00%,$495.29
269,0xa89f321fa54e0f05f15470ea83d608831109e723,,826.8003257,0.00%,$492.47
270,0xf2d147c262a5b3f29af6371c096784ba0708a9ee,,820.9552389,0.00%,$488.99
271,0x6f97ccaa587bf6374f34c2b0abb2df1eabfae374,,819.5252914,0.00%,$488.14
272,0xa63abea573ce7567c50077184f4608e1cfbd1421,,818.4220084,0.00%,$487.48
273,0xebfc0e1a7ff88c1bc9424a0d074281c0fa49ffa4,,816.5104834,0.00%,$486.34
274,0x9788d6bcb2d88919e4ea05b20c78adfcd52fa6b8,,813.6821421,0.00%,$484.66
275,0x87247ff7e37830eaabda4ba29547c2a2a17098b1,,812.4881987,0.00%,$483.94
276,0x4fffa65720f6e27679530e722649931acd6d0b23,,808.9584732,0.00%,$481.84
277,0x1233bb61d9c1035521c6e82bc0f5a1993df72b7a,,807.8163719,0.00%,$481.16
278,0xe4ab3b131ed4bcb3427daa81e6bdbefce594d1db,,806.54197,0.00%,$480.40
279,0x2efffb4b30ed3752d42199f070ce6814d7aae045,,805.8363162,0.00%,$479.98
280,0xb07cecd0ea017820829be01e862d0e9eb01960e7,,802.8899388,0.00%,$478.23
281,0xda2632ede2abf687811e8d48d5578779e11e6508,between0and1.nft,802.3277701,0.00%,$477.89
282,0xc4e594e6f16a51a3d799d96225a6c2c5bd84ded5,,800.7670976,0.00%,$476.96
283,0x2233b04da84900a7fa1508a1cac39df124721bbe,,800.2311964,0.00%,$476.64
284,0xe741cabd1f29d83b1e2439f41535d2fb199beb7f,,799.1339301,0.00%,$475.99
285,0x86462a2a8636330c3ed175cf6003c6cf98eadcd1,,793.26,0.00%,$472.49
286,0xb47c9e7aba5dfdcf166cbb1b877ac70046da3c15,,784.9639462,0.00%,$467.55
287,0x8387fb295e14631da1b37c6bf492035877c4f51d,,783.4767965,0.00%,$466.66
288,0x545600fa318f1e717756ff461cf0e7e0ecff08e3,,778.1950875,0.00%,$463.52
289,0xb8500e36b7072f910bb174ee8602c3ef44a345d1,,771.3687014,0.00%,$459.45
290,0xbf4d953f4353ad5de5f59dab9d00c863f9c35295,,762.0147064,0.00%,$453.88
291,0xf71ab61824475f612dd402e7de60fdc1ecd9cc97,,760.4940583,0.00%,$452.97
292,0x04be74f44e452f2fe6c757f19f90b92cfc9f9aea,,750.5742258,0.00%,$447.07
293,0x7a2fbff2b04b65b30b18939198ce1db5705db84c,,743.52027,0.00%,$442.86
294,0xdd6e4cbd424fb4932eea2a31e02115dcf3ec35d4,,742.7058145,0.00%,$442.38
295,0xe4a8ce9668d9c7def6f6455cbd8f7019cc203901,,735.2169876,0.00%,$437.92
296,0x7bf98c375e9f0161ec2e83a942156d95c9e12522,,733.4948221,0.00%,$436.89
297,0x171cbc325b89b413d80e81cb008ff7bd74dedb48,,732.812592,0.00%,$436.49
298,0xa57e304c535c2cbeac7ad3b53ebdf3bde46ca7a8,,729.6740075,0.00%,$434.62
299,0xa7c875c72a3399f28378a194779cde8ca5b2baa1,,727.2024485,0.00%,$433.15
300,0x503ef1407a057262a999b951c38fcb30e470e954,,721.0116227,0.00%,$429.46
301,0x8adbb4ddfc0326ddc9582a4df0a559b16d5cb278,,719.0244179,0.00%,$428.27
302,0x59570a99ca6aafa0b158df5b0e392cd722166501,,715.8208912,0.00%,$426.37
303,0x8a754c7a1a94cbac4998991f6bc09e0cda5bdd83,,710.8154101,0.00%,$423.38
304,0x75df908279056904573283a51400b5c1a0dc9f79,,708.83762,0.00%,$422.21
305,0x10374d81c16f8fba12bc252a940b9f8c5a0c57f6,,706.2877734,0.00%,$420.69
306,0x52642ab8119fd5e1eb9b1856fa24d400e1151003,,705.6910811,0.00%,$420.33
307,0x65e99beff649292e4fa18c06e758c408088b4031,,705.1,0.00%,$419.98
308,0xc4d3b05d8a1101bdddbc1c7028164333c48cd3cc,,704.5,0.00%,$419.62
309,0x9f1dce1b303e429d569278702ad9d9b1eb47d502,,703.00676,0.00%,$418.73
310,0x0948de00aa6f5ef7340519febbcac5a6d18634d1,,701.5721735,0.00%,$417.88
311,0xc695c9c547235e673e99e3edce28c8097b983acb,,700.54,0.00%,$417.26
312,0x3da6c85ab42cd58932e5f576a2b9c526109f4e7b,,684.7356778,0.00%,$407.85
313,0xd92fd6e46c5fedb4bdb7baf3e747ee3b18dfd119,,683.9729978,0.00%,$407.40
314,0x691a4acac23f83758b00970ae6776709b0858374,,683.4577176,0.00%,$407.09
315,0x0df2f7bf2ab07bd328c64d1e87af1dda3f3c79fc,,681.5779392,0.00%,$405.97
316,0x8306ab3a06db6ca616c56597d82843f774ddcbba,,676.6475761,0.00%,$403.03
317,0x514daa85bd2036452c7aad8e123fd68b39cd48e1,,675.6524284,0.00%,$402.44
318,0x121b57edbe6f4604e9d3100ea6029f6ba29b955f,,674.6821287,0.00%,$401.86
319,0x1c813bedc2419c849aca246ae3523744640a025b,,674.6463954,0.00%,$401.84
320,0xb7b0bd4d9dedd077e3c854109103009fdeed3e1e,,673.9755533,0.00%,$401.44
321,0xcd92e531f7182b5e2c5e46e4322ba27c1d7f1798,,666.1330537,0.00%,$396.77
322,0x65e1615efc11c63e15c00ac4447c56af294135a9,Coinstore,665.7023695,0.00%,$396.51
323,0xbe8963ee7d3b596f52e63e0d7037ee47ae749a65,,660.2745458,0.00%,$393.28
324,0x84d46ccf3b66a7c1c6e582d10d3a5a0fdd863f3d,,660.2336173,0.00%,$393.26
325,0x3ee0f709b4b4b823de671eeaa7c020808a453c05,,659.6213743,0.00%,$392.89
326,0x238366429470a51bc6586553094b21ffa6392f2a,,652.1952898,0.00%,$388.47
327,0x0c7e2f38a619a1c8bc15bf6d8335bf4a03f03f8b,,650,0.00%,$387.16
328,0x083bd867e187e1adff8185a15329b675b99e747c,,648.550815,0.00%,$386.30
329,0x5460ec956ac8c5ab63f0f052adb5a6b48300d4cd,,648.1889496,0.00%,$386.08
330,0x77b553db16564e4271b57279630a98c73598fa59,,646.6235225,0.00%,$385.15
331,0x8ed6bee31d617a755f2beef575ea71c0942cbf65,,646.2092477,0.00%,$384.90
332,0xed24ae3ac655cef5848ba0a89b415e3f2a109e4c,,641.7634076,0.00%,$382.25
333,0xabf4892d8ce653345f8d1c157e7b29e6bd57acca,,641.7121307,0.00%,$382.22
334,0x3bf1c96eaf00e5c78ef9e122c65cae4332aa54c8,,639.9539593,0.00%,$381.18
335,0x97e20e60bcb53f6720fe341fb4c2b5988e076fe4,,636.8427574,0.00%,$379.32
336,0x6705a3642e714819b41affe5d9408123f8a408d6,,636.24,0.00%,$378.96
337,0x4d2c263623ebd197ad5bf2b1da9ce23977be896d,,636.1116389,0.00%,$378.89
338,0x41ea8c90c902804aca35ae3e84e7b2122281861c,,635.0203031,0.00%,$378.24
339,0x96b844131de6d30ecd28defdaeb07aa64e306dbd,,630.87,0.00%,$375.77
340,0x8030f3f0230e48b74b8d9b38977ee0a4b29b023a,,629.6007963,0.00%,$375.01
341,0x2357ddcbc0d38e74d0d2558b09eacbbf1f87611f,zataoka.wallet,626.5288677,0.00%,$373.18
342,0x4131a73cac4c2a0ee25dd731593a8ad5c45369ab,,626.2213536,0.00%,$373.00
343,0x525ce685f31af82c77ab2c3d28f4be3a450b0c33,,619.7454645,0.00%,$369.14
344,0x114880b20223e143c0f6c72c193ea13b9cbc3019,,618.3306387,0.00%,$368.30
345,0x56e773b0a620205e9f72265b6013b65b84c2c4af,,617.4469173,0.00%,$367.77
346,0x0407b1ab79c582785beacbfdb399ff82dc5fc7a5,,616.5151717,0.00%,$367.22
347,0x27f885bc828f7d3dec35c5f891b8b2367fa690fa,,615,0.00%,$366.31
348,0x214cef49c221e71feeff96c1cab3aa40bfb01c3a,,614.9397348,0.00%,$366.28
349,0x8e6fe2f847402908fdb35c79315441b4e167f104,,614.6705678,0.00%,$366.12
350,0xc4c7223dd22b0a3ca3dc3fae9281da026fa16bdc,,611.7123926,0.00%,$364.36
351,0x6ef543d0cce1171f696f82cb6f698133037d5b32,,609.5664636,0.00%,$363.08
352,0x4e04142420601d9b2323c8279e11fcde5847f7b9,arkenlight.x,609.48,0.00%,$363.03
353,0xeba4703fc9d9e6b29a1599c4b64ab3e341cd956d,,603.7836966,0.00%,$359.63
354,0x56c619f6be9e507c8e6caa508713403d5ef23b5f,,602.5129019,0.00%,$358.88
355,0xc4c61b816eaf07b1049d73136ce0a236a800ef09,,601.393561,0.00%,$358.21
356,0x5a04f936fe3ca669a70223fa1037b56d16554142,,600.7482815,0.00%,$357.82
357,0x409e699ddd7abd5bc3ee6fc6f3f0b590ed338b38,,599.5605258,0.00%,$357.12
358,0x2dc2e97fbe3cd533f1ac4de558a3472a36da39d2,,598.2885118,0.00%,$356.36
359,0x9e940817a9d4a567d491b5620dcc2fe317026feb,,592.8626993,0.00%,$353.13
360,0xa47b1fc5ed4b296dea37806120d9bcefccd80ba6,,592.4510303,0.00%,$352.88
361,0x5d89b8a539047687521d9e1b985e8854fbd4b2e7,,585.9154852,0.00%,$348.99
362,0x29b8f3ea7f3594973d2dd96096f4ca63bcdcf35e,,585.81,0.00%,$348.93
363,0x3dcaaf89c429b828bd1a648a9a3b5817f6aee148,,585.5378186,0.00%,$348.77
364,0x1c4ebbee1470993473825fd548c48aab22b7c345,,585.4867645,0.00%,$348.73
365,0xcfb8ff4d6a3233f5887bb9f8ff29edfd200f8930,,585.2165166,0.00%,$348.57
366,0xcf2b6e25a7ee713f556e3e4c6e5c8136a1353e25,,585.0245603,0.00%,$348.46
367,0xe36e340b812617087160b55d1856b3bc8429ac19,,584.4896788,0.00%,$348.14
368,0xfa2310700eea5198d891abdfe30474b211f70bc4,,583.2811504,0.00%,$347.42
369,0x4dd96d53b85c0bcdf3a119a623d7e6c5a07da15f,01234567890.zil,581.4,0.00%,$346.30
370,0x5ec9ff0b1d4f5f7dd0b4f38062199350c5449fdf,,580.1939956,0.00%,$345.58
371,0xba3b82585355ccd047a96b86aabe256d181c23d2,,578.1289751,0.00%,$344.35
372,0x8201665ecc1b8ecd30ff91c2ca63ef7792ac84dd,,574.806988,0.00%,$342.37
373,0xc700f6be4b48ff595ba959072a0d12a81d406d9a,,568.2661735,0.00%,$338.48
374,0x00587a66efc9d32aeb23c70b99038b6c977bdbc6,,567.698764,0.00%,$338.14
375,0xe50c7d6e87c4dada912dda3b1c31ba64e83c9f15,,566.6163996,0.00%,$337.49
376,0xf098ad116c78907e5608e3ee7e11d9d95c55913a,,565.259217,0.00%,$336.69
377,0x2dc3ec5639f79f9221a091d25a7c1644f228cc8c,,562.8704272,0.00%,$335.26
378,0xa0ea5f24c53fee15f305f55da5a45c6ed5824cb7,,560.5271746,0.00%,$333.87
379,0x382ffce2287252f930e1c8dc9328dac5bf282ba1,,558.3207812,0.00%,$332.55
380,0xa46737d610507dea72048bea1893f7c670cddac6,,557.7234332,0.00%,$332.20
381,0xf83f64ed79275b9c5a12eaedc84778a9d9c77a58,,555.1231274,0.00%,$330.65
382,0xe7430eae9f4b5da414963b14c11775a0718c9fc7,,553.0672049,0.00%,$329.42
383,0x75e010665678ae756c4aa2ea4fcb2f96d69742d4,,552.3020507,0.00%,$328.97
384,0x7d1ccb09cc2ade7e18a29f4c9798ca4df6ef7ea5,,550.579836,0.00%,$327.94
385,0xcfc71eb2b4bd9f9e859b07326a3e3cf7c18b764d,,550,0.00%,$327.60
386,0x9a5d6a8695ce3d90e16a2b270c2b4ab561a85ffb,,549.34123,0.00%,$327.21
387,0xabb1cb9b33a31bbe67562bb8439fab5cd7010d3c,,548.3091336,0.00%,$326.59
388,0x6cafbb4e75c29d7808a63316ad674d2acc48ae14,,547.2828128,0.00%,$325.98
389,0x877ae0adc2afa5652014826c3d20c250b965304e,,544.6340904,0.00%,$324.40
390,0x1af57e7f5a39b7a427fbf03c65109726fa8b20b5,,544.1141206,0.00%,$324.09
391,0xdf7147abee78021624754c410befc60fe8023b0d,,542.8167372,0.00%,$323.32
392,0xd9a0c8c31d0a9b409510b3f02500671625811d7a,,538.3829116,0.00%,$320.68
393,0x5c3bd6c4d67ef059edc9d08c0036041ca8b962ed,,532.3793117,0.00%,$317.10
394,0xda688640e1e4c8d72f56c47d1b096aec48b507f6,,522.9738206,0.00%,$311.50
395,0x4858821da3a75c001a895072305b774af7a494d9,,522.7826604,0.00%,$311.39
396,0x364448a1f064451a91e55eb16077bfca3e126b26,,522.1718973,0.00%,$311.02
397,0xd2234c9514108c6d561ba87a25adfe263f9cebac,,521.1272394,0.00%,$310.40
398,0x407032a8ba46bff4d11f8d889bc52d020b802db0,,520.7131234,0.00%,$310.15
399,0xe7815cba12896bc14e056f566eb1e29af802ed26,,520.6594105,0.00%,$310.12
400,0x39e279fddfefd884229204ecb0949cf1055b928c,,520.4067735,0.00%,$309.97
401,0x29134fbce6832de0a137ca3cae46ef54a1441163,,519.53,0.00%,$309.45
402,0x61ad2be9c4af861e6b7c43068dba4830d269d572,,516.5290751,0.00%,$307.66
403,0x138c08a1e58c3a8b9b1b42a7f8ede86dc2c758d4,,515.417,0.00%,$307.00
404,0x3f320b5ac93ce7fadf163a141d501359962b7fb5,,513.4750056,0.00%,$305.84
405,0x5be8850c5a3e5f43a426360a13d3f1edbfd27611,,512.326511,0.00%,$305.16
406,0x9f62105fe4906ab3c2a24dc5e1bfb798a4aef926,,512.1799608,0.00%,$305.07
407,0x300bd191a5899fddd8f89ae0602db5dae50268bc,,511.599,0.00%,$304.72
408,0x298bd5bdd51a13b7ab653fa0dc76681427121fea,,511.3703736,0.00%,$304.59
409,0x951a1f10961220c87e2163afc8f8132b9739b782,,506.3118658,0.00%,$301.58
410,0xcc82417f383fc3af7cb997eee3b6db6db4b73e14,,503.9858457,0.00%,$300.19
411,0x4f02ab010c7f46b501aabd185ec9cfd5088a96c7,,502.9323477,0.00%,$299.56
412,0x9f606fd3578bb6e1159cf825605569d318c4db97,,502.8635064,0.00%,$299.52
413,0x3a3d5dac60d5a742fe1189c39fc52814debd6e94,,502.5694884,0.00%,$299.35
414,0xb7329f902c52e4727657861cd8e1d4424ec02050,,502,0.00%,$299.01
415,0xebb6bfe50f4abfb1ca1b9019955eae258f45d060,,501.8612534,0.00%,$298.92
416,0x295a41fa05ab65c4f7d54582859aa74f367b5e98,,500.7072347,0.00%,$298.24
417,0x917927ea9618db866dbcdb84374bb87ba4d2cef7,,500.4451732,0.00%,$298.08
418,0x77e200e931abf2aeb2a18826cf289fc616d52a8f,,500.3998132,0.00%,$298.05
419,0x3941ed4386fdfcd123128d3d04a8716ff20a9827,,500.09,0.00%,$297.87
420,0x38160dc5b34ced1307ea5703802b32ef6f70b9a7,,500.0000209,0.00%,$297.82
421,0x97cb67a92118a9c5b545b70717b1985438f9b82f,,500,0.00%,$297.82
422,0xbc4a6f7077303d09db4d9334422a549873d98981,,499.6151581,0.00%,$297.59
423,0xfed2d4e9d017ffd792e2de2a5ea219157f26b4e0,,492.5522529,0.00%,$293.38
424,0x014ac2b901584bf526455ffa4a7296e90efe0f07,,490.3609895,0.00%,$292.07
425,0x2435a47c2cc87d2206b379f8d8ee02749dcc3035,,486.7472634,0.00%,$289.92
426,0x2a9edbcec6390e4eebb4b0097027747f39aa76b2,,485.8210598,0.00%,$289.37
427,0x7328f229ac6e14be985798ccd71e495ca630047a,,485.1389406,0.00%,$288.96
428,0x16b231e44ede5edb844d6f4c9d46dcb146f7f6d6,,484.7797052,0.00%,$288.75
429,0xcf63caf5276f20e683f862ab7c633c2e83ef04bd,,483.791994,0.00%,$288.16
430,0x00e5b41700cced6b0406d86e35e52e30989e4371,,482.4315595,0.00%,$287.35
431,0x1ce1d70523bf3660d66eaff6aa3aa21d86671b77,,478.0921995,0.00%,$284.77
432,0xe1cff86e484c1216666dea626e80e53d1e77f282,,476.8338929,0.00%,$284.02
433,0xccbb76c1ad0f1c77297c340488ce654af3dd6da2,,473.9697965,0.00%,$282.31
434,0x6e76ef9a347fac1aa7ab0fc13ef24b01029d0424,,469.9823109,0.00%,$279.94
435,0xa3636cfec44e3ab76e45d05e449c2d07c8a91830,,468.6473272,0.00%,$279.14
436,0x4420e66211731bc77ecc52725a9ebd7640337ae4,,467.4601419,0.00%,$278.43
437,0x36ae5372cd6ecd2b7faff9169e4a8ae398393142,,464.94,0.00%,$276.93
438,0x13889f184902a81d25a092ccb9318da14481e379,,463.742628,0.00%,$276.22
439,0x8f4f6e21fc957d51d49e10d0e554597d39398612,,462.6638335,0.00%,$275.58
440,0xccf91e3d30c0a0c0cfdb467bdc78520cf0bcf29e,,458.980674,0.00%,$273.38
441,0x824772d6948fdcd03aff325e3b59bf148f146999,,458.7331581,0.00%,$273.24
442,0x96e1c99540fa694d1b21302bfce2115a33ae92f8,,458.7024378,0.00%,$273.22
443,0x7aabd756f6e739d8833612aaef3d9937e22f0b77,,458.21,0.00%,$272.92
444,0x923bf4a4fe35b5db52b5931152b73335469c0508,,455.6209906,0.00%,$271.38
445,0x1c1da4d2197692ee8ade182d98611e569a2e320d,,450.4813197,0.00%,$268.32
446,0x7a7d7eeb37a582959a59f11b1e369da0df2cac82,,445.5626856,0.00%,$265.39
447,0xf1b88f3e84d973fb38ae492dde825a907103ae35,,445.1355883,0.00%,$265.14
448,0x61ae3de2faee7850496bf8cd729e1b057f998d7f,,444.7210964,0.00%,$264.89
449,0x65a5076c0ba74e5f3e069995dc3dab9d197d995c,KlimaDAO: DAO Wallet V1,444.3401846,0.00%,$264.66
450,0x546ac910eaa73d39fffa2b66d9b8a556faeb3c1e,,443.5553032,0.00%,$264.20
451,0x37f3141d4b1b55f8fc2fcdd8831e3398cab12471,,442.4379148,0.00%,$263.53
452,0xf8d57addde4954bfa9218f3fd6106f062ac73746,,440.9319321,0.00%,$262.63
453,0xc2e93ffde7a3b479ccd4236d3033eb7fd28cadfd,,440.7010198,0.00%,$262.50
454,0xf926905bbc4dc99564f0fb3dd1c6525aef13936c,,438.8191,0.00%,$261.37
455,0x1c1a02f7371254f1842bb0981648623c1862c2c2,,438.463255,0.00%,$261.16
456,0x540b1e0d69244057cd0da2af4bca87da87a824be,,436.9282434,0.00%,$260.25
457,0xb9850186ecbb89049eb6bb106432e24b5104834c,,436.3111465,0.00%,$259.88
458,0x522916bf14962f7249163e0a86a96975b7c6b194,,435.6704486,0.00%,$259.50
459,0xc57c636cd9b0a7a10cf4d566ac69d9055d1c469c,,434.056368,0.00%,$258.54
460,0x7e5f578d0e4c43ae5c06a19bfb43a539a8908c87,,433.4551695,0.00%,$258.18
461,0x9eca954cd67fa020707f53566d7f205b771fb491,,433.3170816,0.00%,$258.10
462,0xb54cf625cd4109fefc36724673fd4a9b34c50895,,429.84,0.00%,$256.03
463,0xcc759c2a49c4279facb8e5a19cf3ddbd03c5113a,,426.3684374,0.00%,$253.96
464,0x443dc2adb7cf6909c37d7b821c8dc3473802318a,,424.7780294,0.00%,$253.01
465,0xc429dd9f1dbbd338c42bc2d6ef06db50e38ef918,,424.5347528,0.00%,$252.87
466,0x5d5b46ef52fead2e41033d84468abb29a2478b45,,422.819818,0.00%,$251.85
467,0xcee607dfdb07746cad69c2f505472938c28c0593,,412.9571507,0.00%,$245.97
468,0x104703893f56243c0e56441a99eb3f32e1ed6ad2,XT.com 2,411.949821,0.00%,$245.37
469,0x8b3eb5006eeb8076cbdbffc58bed2a2b620a2951,,408.89,0.00%,$243.55
470,0x87a62d280c5b899388105a802fbb502cd5bf2761,,403.68,0.00%,$240.44
471,0x88ba92a3b84d794dd781e627288e834dc0c15a45,,403.3218933,0.00%,$240.23
472,0x7e7996f09322391f5c949d4564e39d93846da93c,,402.907828,0.00%,$239.98
473,0xc814f565b48bac38dceca7d348d475b927fc1394,,402.2312404,0.00%,$239.58
474,0x586ef397dc4da7796a13fe93a75052f2bff2adf5,,402.1422822,0.00%,$239.53
475,0x0a3dbd2ffd9a9841ebbf136e1fe23825a7bd1c7f,,401.1856721,0.00%,$238.96
476,0xd9009ba875c4d97fe217f86c5bd2d6a6e7bac5fc,,400.2992528,0.00%,$238.43
477,0x09b11be6d80913a539818915871158a4a063d2a5,,399.78,0.00%,$238.12
478,0xe6446ce09cef86a339ab17c3f1dc8565bad7fbb0,,398.4884089,0.00%,$237.35
479,0x95b9180f8880db692510b7f282dbbaf56ecb54eb,,397.1917676,0.00%,$236.58
480,0xc6a0f3297d62a52b66791a3d813d2f5f772214ad,,393.9451695,0.00%,$234.65
481,0x181167aa844217779eb6d781fecf2565bb517b7f,,390,0.00%,$232.30
482,0x92f625925094d1766696f678d7a67862ccaaae4f,,389.6961424,0.00%,$232.12
483,0x28c101b0863e79b8b38f6053f75318e67865f38f,,387.6146094,0.00%,$230.88
484,0x24f4c9b9de98f11db04353d6ebc75145721a56ad,,386.2545287,0.00%,$230.07
485,0x64cd9ae50afde357eb7a60bda2058e2cdefcb307,,385.69,0.00%,$229.73
486,0x7a505df95aac78f142ca98cecd771d3c398b4b71,,385.6488975,0.00%,$229.70
487,0x263bac0a70b5f4bd1c5b7c29fe29a52ef77989c8,,385.6418698,0.00%,$229.70
488,0xe4201eaeb2f31d0d8321aef77936aa403a4ccc25,,385.5515904,0.00%,$229.65
489,0x24bde920434083cc345b164e1751689f1312463d,,382.70082,0.00%,$227.95
490,0xbcea1916f33769fc63543ef28b645b4db3d7ac43,,380.9105052,0.00%,$226.88
491,0x05120f2c721e6f8f60ce3dc7a949a273fb023c61,,380.7401345,0.00%,$226.78
492,0xb17d89123dc2cb0ced17bfd186ec41d9ed648b83,,380.5876132,0.00%,$226.69
493,0xcfe4681291f6067431551797c5f9f11d5b2ea58a,,379.360187,0.00%,$225.96
494,0x7ad783e52e54542f0911dc905e82f306aae555d9,,374.1315074,0.00%,$222.84
495,0x11472da81ebdfb480cf2b561f64d1fdbb8e02ccf,,370.0639513,0.00%,$220.42
496,0x2bf92a510246e92a591075c5decdbe81918fd1fd,,370.0223777,0.00%,$220.40
497,0x06fab43d5e7d7154815dafc4281f7dcbbf0548c5,,363.605667,0.00%,$216.58
498,0xf663b6c6999d4cb681dea9dc6eb077f3a99adc48,,362.1379476,0.00%,$215.70
499,0x5348c121b236949e458552ecbb7307f90e807b76,,361.6649237,0.00%,$215.42
500,0xa43cf2d0a0a9b92307c31ee31f4d33adafa11670,,360,0.00%,$214.43
501,0x87352ad9458b4c28157161c4d891dfaac3ba0c0b,,358.4940532,0.00%,$213.53
502,0x96fc9cf2705ab3780caa42965f9c9450f4424e58,,357,0.00%,$212.64
503,0xe961d72d42e5712c2dda88b7bf5a3804e86f8cb7,,356.164576,0.00%,$212.14
504,0x3715927350dae995d2aca1d6e5a0f9c839e9233b,,355.48873,0.00%,$211.74
505,0x316b1c81423e6ff9771a4364cf2a3bfc04949553,,355.4314598,0.00%,$211.71
506,0xb131f7804b51c43ddbe98e9af3afd476ff9deda2,,355.3886509,0.00%,$211.68
507,0x0cb16cc697363c376d06b5114f67d93611237fe5,,355.1687262,0.00%,$211.55
508,0x9046b2f6a9aaa012275c36e58eea113bfc436910,,354.516443,0.00%,$211.16
509,0xf11e813e0928dea464e7bafa788a9b3c4f5c27fb,,354.3070988,0.00%,$211.04
510,0x8ca21f3c66e482069deade93476bdf2b39b692fb,,353.6111624,0.00%,$210.62
511,0xf7eaf8f1e1f2d212981ed91dace2cd760b63e8e7,,353.6011249,0.00%,$210.62
512,0x9539b9e9253136f7a7ebdeb32fc51393ebc3a0a8,,353.3075346,0.00%,$210.44
513,0xf997f7025d74fb8a776f8ca13fe00b5420ddafd7,,353.0194763,0.00%,$210.27
514,0xe3846cc22cb2e22bf92f2b953d9e8e5d0a947b6e,,350.7135059,0.00%,$208.90
515,0xe69e0e02297e2f3b4298f250ecfdc58207536327,,350.4563703,0.00%,$208.74
516,0x930e67096479974df8a6dc4548c19084922689bb,,350.27,0.00%,$208.63
517,0x6d500a54d976bca0e31ad081e68ee97581400242,,349.84,0.00%,$208.38
518,0x49722300ab1932e5a1ef11efde25885685c7eed5,,348.7550886,0.00%,$207.73
519,0x854637fdc6337893b4905c7be115e0b595ed9137,,348.426524,0.00%,$207.53
520,0x2595d64e0d3f26fbbed0769a9ae3efa488fd7fdf,,347.3778591,0.00%,$206.91
521,0xc55dc0e0eda10a22a44cf423123b3cd5b28b3c61,,347.321197,0.00%,$206.88
522,0x2b18a4fdffbcfe6e7b5259d4cb1b707d6703e39d,,346.4770446,0.00%,$206.37
523,0x7b087467322d17750159602f84009cf211ade506,,341.0005781,0.00%,$203.11
524,0x2975097c3526e474283ce6d3418070b1c1655ad2,,340,0.00%,$202.51
525,0x60875a692b9592f5bc69913e1ebf28d83cf2b01f,,339.8151655,0.00%,$202.40
526,0x017cf1489eb1ff78ef8797dfc09662c845e187b9,,338.5048214,0.00%,$201.62
527,0x24b6d7b2ea683902bd6a4fbd5e6a60cc520fb070,,338.1661995,0.00%,$201.42
528,0xb87086f2e59f90fae29d3872cab12d00a7d9067d,,336.1623537,0.00%,$200.23
529,0x10f78cc1fd611d80ce66d1fbaba5aedf4699d202,,335.8637967,0.00%,$200.05
530,0xfbd40bcafe802ad33e02ab6810df3abfa8e9142a,,335.4202079,0.00%,$199.79
531,0xf0dad3212666c10bcb649237db895d93b54a3910,,332.2018359,0.00%,$197.87
532,0x083eaa87104c9bf322f0b0e38e1188c5b3649b35,,331.74,0.00%,$197.59
533,0xf3e96e6558ad564cd6ef651b2396ba5a6a1ac61b,,330.8249462,0.00%,$197.05
534,0x773fbd95519541ac23fea4e305326ef13bdfe78a,,329.5797,0.00%,$196.31
535,0x9a7fcfe4a54e8c07108348ddac1808a60dee37c7,,328.8495148,0.00%,$195.87
536,0x5e03b07ae157ee1ca5bf2f3cbe5bc8dc38f3e965,,327.9384998,0.00%,$195.33
537,0x86f2fff8cf8515ede391062c3ab69cc31b77afc1,,327.54,0.00%,$195.09
538,0xaa9a1626d75ffd2a83b5e10e3029e781d323d801,,327.3293385,0.00%,$194.97
539,0x275c01b2f0513c818ef2786594441ef481b3419c,,327.0568341,0.00%,$194.81
540,0x53717763799363b97a161fed684694a18f8cad27,,326.9965855,0.00%,$194.77
541,0x360ce6b800b8f091f580bf564b88c8b9c1c1df5f,,325.047155,0.00%,$193.61
542,0xcd9481b0fbf37f73b4905b2e5eac70ce582bd789,,324.7416474,0.00%,$193.43
543,0x4518f584c608dfe6111cb1f0b5bcf5a438347e91,,322.763729,0.00%,$192.25
544,0xe2c39093cb78a0c2eaab59aee22eb25014d9757a,,322.4381412,0.00%,$192.05
545,0x928d8751939d8192d541ca1323b9cdf16aaf9175,,321.7430774,0.00%,$191.64
546,0x09489c15c6afba434d06e092a22e88d6a30ab7c8,,321.7422255,0.00%,$191.64
547,0x79c4bef1caac0500c8ba94df06f2a4be41171bb2,,320,0.00%,$190.60
548,0x4ba8927e2054f09762ef217d2f19c2be05b19b9e,,319.8128994,0.00%,$190.49
549,0xfdcdbc8432ff3e0eabf84d095d6f86831c74cb63,,317.9314296,0.00%,$189.37
550,0xeb59a79859fcb75638f25582f8de5fa8eb9709ab,,315.085957,0.00%,$187.68
551,0x781f4e33f9717b23ec4c859df776718684427223,,312.1757256,0.00%,$185.94
552,0x179eefef01fe9bc1c0dd8528d4352b25491fe4ca,,311.9,0.00%,$185.78
553,0x9a57faef12e99978c5ef3b73ad3aa5721d500074,,310.8503443,0.00%,$185.15
554,0xc9fcb2829d3c66b248de8618cfa8697af5accd9f,,309.7543421,0.00%,$184.50
555,0xf77a5f63910c42f1c71eed4521d25c2f057031d9,,309.493611,0.00%,$184.34
556,0xbaf56f6b6e91359062ae4039841ff3bdc126830e,,308.74218,0.00%,$183.90
557,0x64c1e58fa544d4f8601ce59aedec692ec630aa19,,308.0084325,0.00%,$183.46
558,0xb8cc6670812001107c79f5d13bad4705eb7bb06e,,306.8730435,0.00%,$182.78
559,0x00e57245a1255b1329af18bfc7d9500bfe05ae10,,306.3492491,0.00%,$182.47
560,0xe80f815a67b694cdd590e741930bb8ef764ba487,,305.4822856,0.00%,$181.96
561,0xa470291ac63fe3eb5e38d93bf4b811ac91bf2fb9,,304.8254653,0.00%,$181.56
562,0x4fd98b4f26e58c770c0c10b002a9f8af09d729da,,304.72,0.00%,$181.50
563,0x15532c88239a017057138557bda6e9c6ff61f6ac,,303.6586591,0.00%,$180.87
564,0xfee08f9d839a4d46be437f3587766cfef1daf67a,,303.4564827,0.00%,$180.75
565,0xfc6a561702b32674e7f5f358ebb2181f27b38f20,,302.9949039,0.00%,$180.47
566,0xb727cbc97e429756c422867eae403206f1776bf2,,302.652217,0.00%,$180.27
567,0xab8606d5d460caacdd6ac00684ba64cc67b37e53,,301.5094612,0.00%,$179.59
568,0x8600ce6aa93dbabae3ebcf9adb3bb9b23ca59f19,,301.1651934,0.00%,$179.38
569,0x939e214ce1ae194aba92fb8844dcf5bf99ca0d01,,300.9916569,0.00%,$179.28
570,0xe016b7371774713c8fb2fd4bcbb08b01746dd2e3,,300.7288929,0.00%,$179.12
571,0xffacf8b0d708a9695c7c7c7c6b05b1e33bbcccd6,,300.6387359,0.00%,$179.07
572,0x027a45ee92b4f3ba573c220a1991262815a573fa,,300.5779831,0.00%,$179.03
573,0x52d59d332d2e9f9c434aa3bc401e2c58b15a796a,,300,0.00%,$178.69
574,0x1e757d07f9672b4582a78f96a3b772c0e7c93146,,300,0.00%,$178.69
575,0xd54346029b8f5b144b61b133a04ba11355e93a15,,298.6905595,0.00%,$177.91
576,0x1e64feb8db735b48aeaf5ea0bb4cd07407095415,,298.3746056,0.00%,$177.72
577,0xc4c9d6d9c47b2b18f00f2dc9706874cfb6295370,,298.3458552,0.00%,$177.70
578,0x53dc0c39cdcc94d09cdb1b7b60602c7f85efca5a,,297.2877719,0.00%,$177.07
579,0xbac86a938cfcdea1ddbc85b3837685a050d9a0bd,,297.1952531,0.00%,$177.02
580,0xe7d6af20bc878ca06258d0cc54fb9407db06e337,,296.4275425,0.00%,$176.56
581,0x3ef21c68e42df3b8e02649cd05f05e557da33ec4,,295.5528188,0.00%,$176.04
582,0x9dbb3bdcfb1408744dcc39d72d1602c4ae1fcb10,,295.1094062,0.00%,$175.78
583,0xfafaa24418a4ce9e9de48a588ee27e96b815591c,,294.05,0.00%,$175.15
584,0x995dc5ca219ab782f333f33c2cc703792d66e58e,,292.9686219,0.00%,$174.50
585,0x56fc5c778b0f793b5e3268e6ed1f131ecefb15e6,,291.740324,0.00%,$173.77
586,0x0ea7e72fe919f2272a00bb87639742aaa4f834f8,,291.5610936,0.00%,$173.66
587,0x986566fdd2e8ffa3c2994dbcaecc61bfccddfcf7,,290.8718305,0.00%,$173.25
588,0xc3daf4e6d40b8d2b357a1aa13ec2afa15777ee64,,290.7117152,0.00%,$173.16
589,0xcc9443ee8548a87c2560999fd833bbb17db7da15,,290.0184159,0.00%,$172.74
590,0x11624be6db04806b73a57e28d4f82915f46085e5,,287.4490831,0.00%,$171.21
591,0x2fb782b5b34b8e1ccc622966d57f33c6861d28fe,,287.407554,0.00%,$171.19
592,0xa5eee0f2a5461388360e799a4c629384f80a88ae,,286.7299597,0.00%,$170.79
593,0x82d8d99955e38239d865a9dd0d44ef5dd06ba99c,,286.3984009,0.00%,$170.59
594,0x0ec8e18bd05a60a6ff16e04e17d20a516c299886,,283.3449867,0.00%,$168.77
595,0x7f3b888a1e45b60ee755fe3ec16dc12c4ae3f386,,283.1283285,0.00%,$168.64
596,0x288d61b4601adf82088999fd87dfca63a38f0762,,282.7,0.00%,$168.39
597,0x0c1a7fe777ce4b5041d0adb861999ca856529779,,282.17205,0.00%,$168.07
598,0x5856e65162462abe065fe27761019df1a78bf9c7,,281.7942708,0.00%,$167.85
599,0x2275e99dd26caf05b31895be1cb50cd8b13a759e,,281.6739637,0.00%,$167.77
600,0x4ed47b0ced1bcac102d0fea89ecefca096cdf186,,281.5023328,0.00%,$167.67
601,0xc08056f9f784023fa7ef3c9a014578f3cfcc3264,,281.3000295,0.00%,$167.55
602,0x51691b6e95af4ade00c656fbb1dd78b42dda9b60,,280.6244231,0.00%,$167.15
603,0xab5d6508e4726141d29c6074ab366afa03f4ec8d,,279.4323279,0.00%,$166.44
604,0xfea8ab9ca612662c91412f88637f1afd4bca2361,,276.3438866,0.00%,$164.60
605,0x5e14ab30387703c49383041f78ed2fa22b9cd535,,276.0335962,0.00%,$164.41
606,0xb92afbf74fa57caf1fb0bac1a78b34c4c3f103f8,,275.13,0.00%,$163.88
607,0x105c23c192036453db6a6794dddddb9a7c563896,,274.5114972,0.00%,$163.51
608,0x666d8cbc4de1c89fa4c1b06dc3cb1459f2232ea3,,274.34792,0.00%,$163.41
609,0x573408fc8e7f6374c4de49df8ba9c448d9750fcb,,273.7818433,0.00%,$163.07
610,0x4d4b7e9325e4fa48e4e4d9fcb38dea0669b15ec6,,273.6940708,0.00%,$163.02
611,0x8dcb7d97766e6d794d45d5a4ad71acd5ab310515,,273.3215803,0.00%,$162.80
612,0xbbb5008da7ef90a416a4389fdad3872d6896cff9,,271.3333475,0.00%,$161.61
613,0x0667f62851a1bb0fc05b7f8907d7b549bae2d5ad,,270.2000776,0.00%,$160.94
614,0xbc03d11c32b06740abd956f2fd8e99bf3198b7ed,,270,0.00%,$160.82
615,0xa1cedc22c5136a59de6df26d26c049f9417ff524,,269.9983336,0.00%,$160.82
616,0x54402d8903054860353d3473459422de755fd02b,,266.0498971,0.00%,$158.47
617,0x4fe02cfd21ccc759e444469d581039bc29d6dffb,,264.5783703,0.00%,$157.59
618,0xb43bc33c83ba382cf814746e8914adf4c87e1a02,,262.7675053,0.00%,$156.51
619,0x6de16da921c5d4ed7898b1f50792388957a10602,,261.9852751,0.00%,$156.05
620,0x4c160b3f5cbcd3351f45f8da4ca2b1dfb71a136e,,260.117158,0.00%,$154.93
621,0xe1835f855b8e647f89f978894eaee00b7ca23ebd,,259.5169668,0.00%,$154.58
622,0xff86a8f46cdb0c5618f63de98309d5f777374a1f,,259.41,0.00%,$154.51
623,0xdf90d3682fe6cdd55e14374a7ed4962aef80b5f9,,258.849529,0.00%,$154.18
624,0x8f0f9804b676e8947cda83f8cd4a57dad8ac9494,,258.1766237,0.00%,$153.78
625,0xbac2532a7f2b7080f41291f15be9b862929940a5,,257.7210975,0.00%,$153.51
626,0x477032b4ec751f8c1ebdcfa3b9c2b78e91b8a3a8,,257.6812136,0.00%,$153.48
627,0x9c496e4b653ddbbd92df5c51b6abf4a135cdf656,,256.3945391,0.00%,$152.72
628,0x068f58f6184f23ec3110e01c11f49267dd2fd361,,253.9042936,0.00%,$151.23
629,0x541e07d805480c2d562fc87ca654003cf5f8b36f,,253.7379034,0.00%,$151.13
630,0x75ccae75c2f3c60a512d4bf7581eac4184892e98,,252.0190954,0.00%,$150.11
631,0xf1b1f2becd40b541c934bea485a768d856f37086,,251.5994022,0.00%,$149.86
632,0x16049465514fe24d2bc210ea051eeda86cb80a25,,251.5326309,0.00%,$149.82
633,0xb3d968a0409d9e3edef12db33c6595b1c5452213,,250.701613,0.00%,$149.33
634,0xa2b36fb13c63c7adb6e4202b6c3dfdc3cf3821ee,,250.5574976,0.00%,$149.24
635,0x858f3f15dd73e7662cc209be4deb194f0cce6289,,249.6186811,0.00%,$148.68
636,0x76a39362920fbf54365281b43daaca59f81bb3c4,,249.1683894,0.00%,$148.41
637,0x0d5b04ac05fca50e8199c9f9e79430ea08fc346d,,248.559702,0.00%,$148.05
638,0x6e79206f45cde2625bf317f154710e78b97fde9c,,247.8734753,0.00%,$147.64
639,0x8c94f4d1765aeb44714f12eca365b7fdbae951ad,,247.6854807,0.00%,$147.53
640,0x081050445c129e49fc2837bf523fda99d71acd00,,247.0035142,0.00%,$147.12
641,0x63e8192012643cb4160f9f0623c5d0b25287f6c8,,246.762769,0.00%,$146.98
642,0x98aa4d93b282e11730675a8ed4dc0b69ba72ef58,,246.03,0.00%,$146.54
643,0x05559753ddc89367b9634efc77749b5663780d0c,,245.993024,0.00%,$146.52
644,0x3ecc114817859aede375a3b80b268f7aaaab5f91,,245.79,0.00%,$146.40
645,0xd8c684e3029ec84a46f373b9a0f2686f3699be64,,245.4069005,0.00%,$146.17
646,0xec15d58520882d155f45b77ce4f72a520040f946,,245.3190184,0.00%,$146.12
647,0x79a0fa3ec3b02aecf1a7c03548c66ff339b30f1f,,245.0956487,0.00%,$145.99
648,0x6fdc834af57b362f3bf8b89beffa4b13c02bc3b1,,245.0753696,0.00%,$145.97
649,0xbb2e35ad6e624f66a25d1cbea1af4b419453ae26,,244.9524553,0.00%,$145.90
650,0x23b6f5291fa13be58e9d4026fcf09caa28af48a6,,244.8777506,0.00%,$145.86
651,0xb0e86114745f40dc3eb161ff2fe9ceffaf582fc6,,242.1984195,0.00%,$144.26
652,0x3762bae499694853ee99e60ec88008c8febcd4e7,,241.4847618,0.00%,$143.84
653,0x9baaa851b97afdb499d020cbf8cd93d057e85b89,,241.3788091,0.00%,$143.77
654,0xf7595b72e67264fdc8c5b12d67cdf9bf0cdb4716,,240.716572,0.00%,$143.38
655,0x082fbee45963f048e41e12b55d7782c92c0eb6db,,240.5331781,0.00%,$143.27
656,0xca173177d04a60991bb0e9167847d23ca7d0e066,,240,0.00%,$142.95
657,0x7c85a4e758a4541654a4a2dce5408008c94f625f,,239.4,0.00%,$142.59
658,0x137f90130e5368122aafdf425e3a3b7ec39215d7,,239.0578062,0.00%,$142.39
659,0x0cd26cc59a450373919abcc1544f4d86fd39a0e4,,238.9810193,0.00%,$142.34
660,0xc190ee58634b72be5116d6ac5cebd599214307f7,,238.5977835,0.00%,$142.12
661,0x1542cce4016b32e481502db0772850180ab9f041,,238.161983,0.00%,$141.86
662,0x957d42086a5b508dc489fe46bd2e3a761bfee412,,237.977701,0.00%,$141.75
663,0x3c52321afa1bd9a513b845adb86049691628c3eb,,236.6522745,0.00%,$140.96
664,0xaf79fc663322f9a18252792edff9135378ae32b0,,236.1273903,0.00%,$140.65
665,0xd7eb093ad52e08a5defaac67e65486300aaed91b,,235.2020104,0.00%,$140.09
666,0x7afa9d836d2fccf172b66622625e56404e465dbd,,234.7302903,0.00%,$139.81
667,0x9cac875960ef8ed0ec501ff910e31f1c541b795d,,233.6439901,0.00%,$139.17
668,0x4a2f0d9d974bac2e5bf6a81826d55851574554bd,,233.3038167,0.00%,$138.96
669,0x276675bbcf9c2939f3f0f141fa17ee4eb0ba6459,,233.0052807,0.00%,$138.79
670,0x09287f0cea9475fcd6ace86f5830ce79881e5186,,232.9760969,0.00%,$138.77
671,0xdca9a80addf997352d59e1c9353b2ccf9fa9d974,,232.8748545,0.00%,$138.71
672,0x4a80aedbe0351296be4673eafe8422d7e6b9691f,,232.7019418,0.00%,$138.60
673,0x75500c295e22348ea3e3c9963c57cb3301da5162,,232.2122311,0.00%,$138.31
674,0xce93bcfc6aa8550f54b1d1a6d38f40d5c76f4ba3,,231.7967993,0.00%,$138.07
675,0x2dde1ff380d8cd8671656a0973c8828960634c07,,231.1925042,0.00%,$137.71
676,0x575d4b338adf41fa3d6427c1a10fba492c3d1b8c,,231.0625058,0.00%,$137.63
677,0x661d3c0ca804fc85d7915daf3d3366b8da17b50e,,230.1251515,0.00%,$137.07
678,0x79de169bccc10609804e938bf94cc14e7547a280,,228.8773873,0.00%,$136.33
679,0xe4f7e3b4242d669c0169980d5c87d618ca16de83,,227.6825745,0.00%,$135.62
680,0xc6a76268944f90c6d810823c5d20db8ad992fcd8,,226.7483179,0.00%,$135.06
681,0x11ededebf63bef0ea2d2d071bdf88f71543ec6fb,,226.2174137,0.00%,$134.74
682,0x7b01b8f9a2d3e3d9312092c618ac7b079f6cf0cf,,226.1208602,0.00%,$134.68
683,0xd86019b021f5408d4978faf7247535e0767f1071,,226.1146435,0.00%,$134.68
684,0x490b660b10e53843b16be63edb9f5c16370e56d5,,224.9460004,0.00%,$133.99
685,0xcef13b7642304d5daa63e5eb837afa433df1a4f1,,224.94,0.00%,$133.98
686,0x8d16a95531e4a749ffc975c8a06152a6f6a3316d,,224.38,0.00%,$133.65
687,0x236fceb3ecc604b89e62e59cbd1212310b34404f,,224,0.00%,$133.42
688,0xdb54c3b9cd1b7de1495e81c0dd1f59cc987d7cf0,,223.779246,0.00%,$133.29
689,0xc25a3d1e87d92eb46639d5f005c5203ce4e9eadc,,221.8761982,0.00%,$132.16
690,0xe3a187e05d76c24853805d95e823b16e8b8b2215,,221.4751225,0.00%,$131.92
691,0x0f402f993fc698e5854d4f6848422b25ab7955ee,,219.6197391,0.00%,$130.81
692,0x902549cde5a66aaf905d3014d2e26110d4ce8382,,219.2139467,0.00%,$130.57
693,0x5b314fe84520049649c0ca4a0b219e587d01eadb,,216.6889111,0.00%,$129.07
694,0xd1e2bfd4fe1806cdc9b64abfec25d7423f6567ee,,216.5974256,0.00%,$129.01
695,0xac89d5debbcef30c04bfa6d467120cc44aa35ddc,,216.3646301,0.00%,$128.87
696,0x27d57531b7ac97dcf5ae26764a44a0f9474145e5,,216.1599942,0.00%,$128.75
697,0x08498064e991defe658124262c1c7ef13d9ae4c5,,216.0998287,0.00%,$128.72
698,0x2b030e31b2d6ebd2f5fb8032ec7a24aec221d3d5,,215.9391894,0.00%,$128.62
699,0x5dafa3cace0a0ade7bbfc8cd45d1b2d84202f29d,,215.7690094,0.00%,$128.52
700,0x70ad1b39ee5b8f90cf87a5730668e77e5465cc24,,215.3723396,0.00%,$128.28
701,0x763a57665452946cab72f5e5b29d67dba1d48924,,215.24791,0.00%,$128.21
702,0x89fa69ee47e8bbb886cd281cc1078cf394a22197,,214.3451831,0.00%,$127.67
703,0xcf16b319049a035fd988322909d76e75bee8eb1c,,213.1222889,0.00%,$126.94
704,0x75d336a128ae5b8c2c2da59d90efdd9c6f8b3603,,212.6127666,0.00%,$126.64
705,0x82863eb273403f8c99da415035eb35a825574497,,212.4924839,0.00%,$126.57
706,0x29e05bbfdf1485307875c8a33395f53b297c496d,,212.1106027,0.00%,$126.34
707,0xdf5f9787a303e5c9a38dc573f04a573d79cbfe10,,211.967302,0.00%,$126.25
708,0xd3784e1e2ec17bda05d9a33c195ab9c03db79593,,211.1100671,0.00%,$125.74
709,0xfbe63c16e0c9888e03c41b807fccc9d61c8c46e0,,210.4326098,0.00%,$125.34
710,0x06cbc02cf000405b3027f83d7cdc4afc0c01690b,,210.2072193,0.00%,$125.21
711,0x7989e63cd78902bd807552c22bafbc6ba5c914a2,,209.9465147,0.00%,$125.05
712,0x4ca2aee233726f1a6b21e7c9b95cf9bd6ad1ba66,,209.87414,0.00%,$125.01
713,0x9edc208c2803a6ec194c9b0f25b34a90702e8f2e,,209.8246532,0.00%,$124.98
714,0x98f6013cb8b074db9b54080e65fd2f66451b1e0a,,209.7361764,0.00%,$124.93
715,0x38088b2e214b9383518df6a44af0dceb02ff3184,,209.646606,0.00%,$124.87
716,0xe1568b08e52b3299f616a8d0793d359b8b9426c9,,209.5465137,0.00%,$124.81
717,0x09d9e6c271806ed388014526b63bfc4e5da72b91,,209.01,0.00%,$124.49
718,0xe37dad0bacc885d619b3b1e802b378893725fd71,,209.00324,0.00%,$124.49
719,0x260b4747c2da3ea363735ea75e285a67f5efbb5c,,208.963646,0.00%,$124.47
720,0x622661ab4b6ab93c659e751f47ebb0c6e6ad9f48,,208.0218229,0.00%,$123.90
721,0xc972fb202f703da9716019914c553ff1f6f205bd,,207.56,0.00%,$123.63
722,0x2911f888701292fae50e2e2ae3a000090523f15b,,207.5217718,0.00%,$123.61
723,0xc8b4760472b4ee10fcdd0b64d2d3b1ff8a21a9db,,206.8376579,0.00%,$123.20
724,0x578723ddbf13a5247d943a4ebea1b267d4cdd0cb,,206.8,0.00%,$123.18
725,0xd2b9dcfc6518e0c27a2ca91115f6e495fda03990,,206.7765332,0.00%,$123.16
726,0x37d3b3fbceb2e9b03ee4e617038334aee39266b2,,206.60466,0.00%,$123.06
727,0xe9f238c6d74aef2f93b7f6aadef051e14e4d13d5,,206.5802441,0.00%,$123.05
728,0x89b2e47034a9cdb3ef3f235ae95302b34a1098a4,,206.54,0.00%,$123.02
729,0xc0d593f83576960128602fc3565e91aafa107bf6,,206.5001901,0.00%,$123.00
730,0xafe4e52a1bd60f6d9c228e394ddddbca0505a22c,,206.45,0.00%,$122.97
731,0x06b665b95fbfd7cb0d7ce56f0fe15e8a182b4476,,206.400813,0.00%,$122.94
732,0xb7b677b1ab94796db8a63634ab89921f93d08f4f,,205.91,0.00%,$122.65
733,0xa6f033d15ce5710e5d0e39c019d71292b7383223,,205.7506,0.00%,$122.55
734,0x5e32c5121a434c00e11fdd3b479ddb67b5c1061f,,205.7192642,0.00%,$122.53
735,0x1c856b9afa38476532fa09cf86a2094111a3f5c6,,205.71,0.00%,$122.53
736,0x348b7261ba6cd1400d55746a1538cc04111ded12,,205.44,0.00%,$122.37
737,0x9139448203337ed0cea21c29614822e63de1738d,,205.3263741,0.00%,$122.30
738,0xad46ca855958ac6b301f605e4abf356c517be060,,205.3210441,0.00%,$122.30
739,0xcb28533f9d7cb296092898395e97418fdf703cb4,,205.0013877,0.00%,$122.11
740,0x47d09611291db8e415bea2ad7b16924c27d49faa,,204.8127394,0.00%,$121.99
741,0x3612341aec7b59d154539a4ab15a2ef5ee77a42d,,204.7778733,0.00%,$121.97
742,0xb03f20ebb24336c09ea70d230ea2df5a5df04e16,,204.5971584,0.00%,$121.86
743,0x1f59d690606ff8aeff60cc8ade85208454b47bd5,,204.56449,0.00%,$121.85
744,0xa2357cdb0000ef79678d5f6f0b44b94d34ece37b,,203.34981,0.00%,$121.12
745,0x2245e01e5c38c0563c799dc5849995368950983e,,203.0179908,0.00%,$120.92
746,0xfd0679f35c91209cc6808445e7d48acb7578ec13,,202.4267905,0.00%,$120.57
747,0x8738ed5c1f0bb8ef3a76d191ecab67dae0d12d9e,,202.3472065,0.00%,$120.52
748,0x8fdc48abad6672bdcaad17562968fc8dc2b26c74,,202.34,0.00%,$120.52
749,0xa3863e8e3c53dda2fd6e42c9d50b83883a80184c,,201.0275471,0.00%,$119.74
750,0x583214323c435c2c49bf3534280d51ab93b8110e,,200.7116114,0.00%,$119.55
751,0xb062939e1c38add97af49f17df9fc8c925331feb,,200.6969214,0.00%,$119.54
752,0xea74bf7e0bb562e2d97d11c5a2d94b0a900d03bd,,200.6201607,0.00%,$119.50
753,0xb0c4018ebfb20f79f5fbd44641adc9400f568d47,,200.4034302,0.00%,$119.37
754,0xa669d9a37ceff65114666aebd0108405e2457c18,,200.3289924,0.00%,$119.32
755,0xa436bce3732c40f1646396ccff7566b961565415,,200.317129,0.00%,$119.32
756,0x61e00b09cdb846eebb7802abdfe4a01a6fbb6046,,200,0.00%,$119.13
757,0x0c7d09c3ae437d2ad3a04dfb40eae0020dbf8a95,,199.8089206,0.00%,$119.01
758,0x1bea8fa7bb77a4904016e02e7ceebb3b92c16f0d,,199.1242473,0.00%,$118.60
759,0x5db80e3d60e969a96fcf726dd2222d96db892d5f,,198.69,0.00%,$118.35
760,0x96c360bf36cdf481a239d09cd67a15787db37466,,198.6770159,0.00%,$118.34
761,0x7f06cad3bbdcd54c7b466d6976633d42b2c9b62e,,198.6292064,0.00%,$118.31
762,0xb03b0c8cd58ea3d96aecf8446aa9643323ee3563,,197.5559344,0.00%,$117.67
763,0xdecc4e42098bef060045639d2d337590a96825af,,197.5447708,0.00%,$117.66
764,0x6a3a8bc62ff4f456b418e74939e4f5065baddb97,,197.3554962,0.00%,$117.55
765,0xf4654ba916e18123f81d8397f4cdd9d1636b7167,,196.880526,0.00%,$117.27
766,0x5c70befcdfab2c2ac6b80d7682484a2700c21967,,196.7794597,0.00%,$117.21
767,0xc564c01b17c2996b79bdf910c93b9bef68159482,,196.6089999,0.00%,$117.11
768,0x8275fe56e046ad49152ac519fe66910c38342d29,,195.8828253,0.00%,$116.67
769,0x3cf18c7a84781a9a3c0bc362770f69b0de29c22b,,195.61144,0.00%,$116.51
770,0x6e737a72c56e9c473a78794d825f9b4fac0ac859,,195.3389567,0.00%,$116.35
771,0x37f569451955920b04fc0c1723e7b143d495b3d9,,194.8072972,0.00%,$116.03
772,0x68105636307e4f7f2ff98466a19c1b3e4beaa410,,194.7066734,0.00%,$115.97
773,0x5f91054c2fcf2bc3780f28d3e045e06897e90ca1,,194.6139692,0.00%,$115.92
774,0xb309aa599ce0134bd770bb02ff4c617f89c48040,,193.5376319,0.00%,$115.28
775,0xe32ba156080b34fed88558c30e6132efad62590f,,192.5928919,0.00%,$114.71
776,0x448de75c8f9d03ae1884dea50c39c53c7f5fa874,,191.5795198,0.00%,$114.11
777,0x6d1f38c199eeb9325b024dc834a68d49284bf7e1,,190.5742642,0.00%,$113.51
778,0x36c213087ddc56dab8d93ca6a3bf06ce796f035c,,190.5567299,0.00%,$113.50
779,0x2e122b77781dd3c4717be9ddd99223a3c5a3c86b,,190.39,0.00%,$113.40
780,0x72b2f7c440cbfa8f8272fa735f5c69491495dbc2,,190.3155396,0.00%,$113.36
781,0x1a8c58607142efa545b6acfb440fb7ca7dce0130,,190.2288312,0.00%,$113.31
782,0xd384891c445e46272688968de0ebcd3903c58910,,189.6690946,0.00%,$112.97
783,0xff4a3b796b402fd1d4a2ba06cc23b4621e1d91b1,,189.4762083,0.00%,$112.86
784,0x4da274126193b36a972267aeeb02b983d88e64e3,,189.2022846,0.00%,$112.69
785,0x49f8fe41cffc9e0e64b3076428afa7f693c6af1c,,188.92,0.00%,$112.53
786,0x721a7cf97c216e6196e3e599e8994d66dc9a5ce1,,188.4974864,0.00%,$112.28
787,0x79db2f9f5879f14bd4b75efa5bb4dbe6c0140e4d,,187.4585697,0.00%,$111.66
788,0xda8b026eb24072d1de36e89592f852f480ea67bd,,186.4518906,0.00%,$111.06
789,0xf8d1e1997e253315d765e501e212b67c6428d317,,186.4152498,0.00%,$111.03
790,0xa7c4aa48ccc9e232e6aff0738aa38045c573308a,,186.3818997,0.00%,$111.02
791,0x486e7700f2973276331f7c452a45ede0e2bf1e24,,185.86,0.00%,$110.70
792,0xedc5825862214b55283175f3b21ea0e29a52d8c1,,185.3533778,0.00%,$110.40
793,0xb38a683ba1389a50ead471b7b003140dd94e7d3d,,185.1320632,0.00%,$110.27
794,0x1300a679809f5fbd222fe5f672006cd021ac4249,,184.9472196,0.00%,$110.16
795,0x85e1828ed925abd17e2920813d3745eed10c35f1,,183.9019511,0.00%,$109.54
796,0x19868b43cc7e16f8a928c500400d24f1b5f2dcff,,183.8667107,0.00%,$109.52
797,0x041ebd3097dbfa34cd66435b3d15545ea4169200,,183.3154813,0.00%,$109.19
798,0x28024b6789ba40a2a10b610d4379069d8ad3a68f,,181.8055641,0.00%,$108.29
799,0x1bef1d2d0421b7d4e306dee27cb5d01834f00032,,180.8657304,0.00%,$107.73
800,0xba6898b2f85c39efdaefbc2c2ad55431e9ba2675,,180.7817413,0.00%,$107.68
801,0xe95c8a2f02bc20195fe7be8522ed867c57b431cd,,180.4151891,0.00%,$107.46
802,0x494c13ee764e6b203f8eb2286a8de897c92bb9fd,,179.9141253,0.00%,$107.16
803,0x4a74a7e3647053da13abb1e45b2e52d15fa6e89c,,179.4091265,0.00%,$106.86
804,0x5e757456b2b6a66b6facf9d285fbd28a8b9a0530,,178.7626149,0.00%,$106.48
805,0xe8bf271fc69d203a5daae8e250a057e748e8b3e8,,178.1682839,0.00%,$106.12
806,0x13e7b5ab495d7a4e12680e8e56b62b8f9952c399,,176.27,0.00%,$104.99
807,0x04ffc66c0ab82c935bedfad515f1397ea3ecad41,,176.2471625,0.00%,$104.98
808,0x0a09bc7febfe50b3ecc595dc7ab1e82a0e13d011,,176.2142435,0.00%,$104.96
809,0x6b9beb9ecfa2eb7e322a729b1d8ed809b467e1e2,,175.8967199,0.00%,$104.77
810,0x82f865287be34f5c1632dd6aedae23a485fdfb30,,175.7352588,0.00%,$104.67
811,0xb69f1c09cf7eb893eba7d861c00044071f72d24b,,175.4396375,0.00%,$104.50
812,0xa864c2247277d241f65c4729766da154d65f82f6,,175.2528537,0.00%,$104.39
813,0x5491fd07bbf186e56a960c8f5b2502540cc74acc,,174.9042921,0.00%,$104.18
814,0x0323ca2932390534d5abbd0bdde2e81b2a891720,,174.6726969,0.00%,$104.04
815,0xabc62aad352e06595164a5055e2f4f3c83726e3c,,174.6391189,0.00%,$104.02
816,0xf51a2b47d4707e3bceeadba94e8497b226bbb05f,xrpgolfinvitational.x,174.0722346,0.00%,$103.68
817,0x264c5524a0500d3ab70ad02206caae273469f5f0,,172.6645197,0.00%,$102.84
818,0x6f5570f9c1a9bef6db41a42c0e12374e039b775d,,172.559186,0.00%,$102.78
819,0x6414d7112f862ce6bb62aefbed10f29fe1575ece,,171.8839822,0.00%,$102.38
820,0xfa92792677377a84c4e312661d95fb402421ac29,,171.1418654,0.00%,$101.94
821,0x71a74445399884974e2b626462523d8d7e18ae05,,170.6150697,0.00%,$101.62
822,0x0e328e4f3488bfc8a774fb8a758c0b10505f78c7,,170.2330678,0.00%,$101.40
823,0xb95b34971fbacc1dfed5fa9930197ca5cbf915a7,,170.1320149,0.00%,$101.34
824,0xe4a40ca542b462bcd34bc9bade31c7b2d7a8700e,,170.0838189,0.00%,$101.31
825,0x0d0d32eb678f461e2a0264acea83b692aafc2cc8,,169.949,0.00%,$101.23
826,0xdf2191948de81130d3a6f47e83a8bd1eedd6c01a,,169.7140586,0.00%,$101.09
827,0x79c952fa3992328c9d647822901fe83347bba01a,,169.3555724,0.00%,$100.87
828,0x083f6faaa548ba49767b836513fbc73562368a8c,,169.24,0.00%,$100.80
829,0x0b301460747bd4e02758a8e94c68e16bfa109031,,168.869186,0.00%,$100.58
830,0xa4ad535cec42b261df5375ec6df116598d2a1b78,,168.5581484,0.00%,$100.40
831,0xd4aca5f04095642d16b9aa75e93da809285fc62b,,168.3381896,0.00%,$100.27
832,0x21967cd2e978dad33436429b9a399d34a73ae6d7,,168.068206,0.00%,$100.11
833,0x2400c1a13f9683e872b6c45458722e66ad15e021,,167.9103129,0.00%,$100.01
834,0x2abd9a6808991c4ac70c294fdfe0f8b921dfd2da,,166.8132352,0.00%,$99.36
835,0xb7225ffbf85d3f45b3ac2a525d23437ba39f96af,,166.36,0.00%,$99.09
836,0xc2bdcd639bf9254be39159aec008797ef3ab79a5,,165.9661306,0.00%,$98.85
837,0x9a4c645628ec29ddb2445e56e20d7e4a1c29baf2,,165.6778003,0.00%,$98.68
838,0xda4b48c83edacc2c8e29189baf0f06161d23a87a,,164.9658625,0.00%,$98.26
839,0x233bec972416f6a2929bb7d2f87eaf5cf117867c,,164.9276957,0.00%,$98.24
840,0x0459cbc6cbb74063c1ee02c3ac09908708633d3f,,164.2747685,0.00%,$97.85
841,0xde55577f3abe6f8d77a50eef69d2514237f1665f,,162.24,0.00%,$96.64
842,0xea4e3a392b7a94dde227a5df50645229a69d12f7,,161.6709461,0.00%,$96.30
843,0xcecaadcca71be6f648ea643b950dee57d86f0b92,,161.1914426,0.00%,$96.01
844,0x77acc8140bcc1c6d3fa2a223187b6ed91b9052ba,,161.0781003,0.00%,$95.94
845,0x456cbedd6447b6a812d4f9000687d17384789a0c,,161.03459,0.00%,$95.92
846,0x4a2a83dba472ba41ae511b47c0e755c5d01e3f2f,,160.7538782,0.00%,$95.75
847,0x675b70b23c93627546ddb8053badbb513d52b491,,160.729,0.00%,$95.74
848,0xb727705f737b80dab93fa3e03710544a5c55bb23,,160.3096317,0.00%,$95.49
849,0x8bd7b1c78cc50a82d8b1912caaf7cc498b41a085,,160.216775,0.00%,$95.43
850,0x259009c798d93420f67631a1232b3f0e25fb9485,,160.1360809,0.00%,$95.38
851,0x9b4ac77c5810dc9065027dd47f96b362129b8715,,160,0.00%,$95.30
852,0x129bfe4c3e8eafc66c8e15933223acad9479b72b,,159.7115728,0.00%,$95.13
853,0x7a0f6e20c21ff1485ebb378a529062bdd4aee6f3,,159.5345866,0.00%,$95.02
854,0xe5f85fbb3f6940c4245f449d074b1765d2772c84,,159.4691417,0.00%,$94.98
855,0x39176583a78443a64cd12ee18f8318dd8ed1268a,,159.13,0.00%,$94.78
856,0x93df7079ee069459735080d6ef10a7bd0ed9aa6d,,158.706901,0.00%,$94.53
857,0xd11ce48ae32375d6d12acd95c0d030186d373ac3,,158.3377654,0.00%,$94.31
858,0xade6da97f5cd9346ecc3c2a3d83eb177c16054c6,,157.3854336,0.00%,$93.74
859,0xa51e9f37acc7ba450c547457caee669bada33693,,157.2117843,0.00%,$93.64
860,0x702c11254fb64a084c6dd170c9844196de1448d9,,155.1491747,0.00%,$92.41
861,0x74aac24f165433577f5651fccab3d8609bb6ffbd,,155.093693,0.00%,$92.38
862,0x61c034f6daf23296d6d6743851f45276a7990784,,155.0176798,0.00%,$92.33
863,0x7dced9c8cd3100bb84947ae0c8cf57d4273cecf0,,154.8553583,0.00%,$92.24
864,0x6a10670b54624f979abc962cc04c91a6cdee72f6,,154.5763603,0.00%,$92.07
865,0x81c239167910d64706bf112afec21d3c0d254326,,154.45,0.00%,$92.00
866,0x0ca9c002ab5634f5c26e08f593d0c64fbb3b237b,,154.4331066,0.00%,$91.99
867,0xc9769474be2db30d1943483045d60fa0eede43d9,,154.307778,0.00%,$91.91
868,0xcd0b0aee446c17988525fe9645ccf93622e50d17,,154.3025269,0.00%,$91.91
869,0x2ec0a34de9e2f9577e20b39fbb9f85106cf2e768,,154.0483734,0.00%,$91.76
870,0x9b7c7873edc3090c8878da277a95776ba8b3878b,,153.9495872,0.00%,$91.70
871,0xb6a3944abc1d9de46981f9ebaba13ddbe781df32,,153.7581794,0.00%,$91.58
872,0x2a8a5d6869985a81b689cd6cff6cca525c43b89c,,153.427402,0.00%,$91.39
873,0x9fb8580802e476cc99c8bff4f6e9015620a62440,,153.3615015,0.00%,$91.35
874,0x87a27e00adb5ee2a86e12d3f9ba3db0349e4a711,,153.3191644,0.00%,$91.32
875,0x2cfdaf42ff124d4ac566e734ca173f9cdef19b31,,153.2607762,0.00%,$91.29
876,0xdd7ae666e25f409133cf2347a6889e2be263c4aa,,153.0354896,0.00%,$91.15
877,0xed71a656438ddf3fbdcc90ed716e7c5fbeb51fe7,,152.8659463,0.00%,$91.05
878,0x4a183b7ed67b9e14b3f45abfb2cf44ed22c29e54,Zerion: Multisig,152.6813572,0.00%,$90.94
879,0xe40fb98b75942755cd5176a0fad3198d0211e672,,152.4859259,0.00%,$90.83
880,0x7e8c41703737647baf1516ace2183a50d3c45478,,152.3,0.00%,$90.71
881,0x1337498c6d7cdc081999558cb22975d4b82c338e,,152.24,0.00%,$90.68
882,0x7881d85fc7f07661203717c62ab1a51a5d94466c,,151.6502231,0.00%,$90.33
883,0x41cc24b4e568715f33fe803a6c3419708205304d,,151.3435239,0.00%,$90.15
884,0xea1b0f218a07b0a9905890dc7fec9d5d340bc981,,151.3090649,0.00%,$90.12
885,0xd372412a9fb5289c84946219276b621d0d19f1c4,,150.5856987,0.00%,$89.69
886,0xcbf66fcfa378b0d80611827ee960f31109331372,,150.5674728,0.00%,$89.68
887,0x0a457dc56a1146a58ed55412d763222978d5a6b5,,150.4838076,0.00%,$89.63
888,0xc244b33221a30b25b1c43330e3c5a07824d7a876,,150.23746,0.00%,$89.49
889,0xe1481f4b227c7f5a10590c4c9ac0637b9563728a,,150.0003041,0.00%,$89.34
890,0xdf22fcbc1b5f6ca60b6c51bf3c18647146e77c4d,,150,0.00%,$89.34
891,0xee15ff07cec2970d36739862b8524a6d2a57f355,,149.8214333,0.00%,$89.24
892,0xecca53828d3cc6dc1ffbdad81ea62c85210a9020,,149.6199112,0.00%,$89.12
893,0xd7939d5787c954d352453c929d8c36ab92970fd9,,149.3043384,0.00%,$88.93
894,0x3d5773b53f0dba797aef2d4c1d4536b57a4dd28b,,148.9718572,0.00%,$88.73
895,0xeaa218e1fbda17d193e9df3fa74b7a36f4c4fc0f,,148.4007864,0.00%,$88.39
896,0xc3d631a2c1a31c5671c16db450945555f3ab0774,,148.0675918,0.00%,$88.19
897,0x245db6932c705639eac9ce6f37e844333f48d585,,147.43569,0.00%,$87.82
898,0x12da4f2755c7f4aaeb3620a09648888387da04f6,,146.6153521,0.00%,$87.33
899,0x565a30c82a1aa13e73a9f398a0a8937ae206462b,,146.2190253,0.00%,$87.09
900,0x6d2c75a229db9e5b8b7dd958715c3ba393fae059,,146.2172912,0.00%,$87.09
901,0x0d6c65719e7208d15e2d1e0025a6fd1993614a47,,145.1062023,0.00%,$86.43
902,0x0563752b1152a1862937a48e35b12b80ef8878c7,,144.8776751,0.00%,$86.29
903,0xf15d05d3b97bf778ef35403e197a5c28774ff0a3,,144.5084134,0.00%,$86.07
904,0xb9d6a8df2cafe9c7d17c1399f55d1d08f189a40b,,144.4686576,0.00%,$86.05
905,0x6c18d0ff458a7d10ce729a1e7b71d83e35888a4a,,144.2582538,0.00%,$85.92
906,0xc14f9c054f4f9c0d01740db3e4bcd2659516c765,,144.182,0.00%,$85.88
907,0x492edcfb92aa1672736a591d3dc9a22a03eeff04,,143.9303525,0.00%,$85.73
908,0x618a7b9ec9f94ef3f593910ea7d9231ff068d51d,,143.665353,0.00%,$85.57
909,0x8d0c98b753da130a0fa5aab2275eebdf4dd10f54,,143.4844342,0.00%,$85.46
910,0x4d001f4dfff4f54523de94f45287c60dde78d5f1,,142.994012,0.00%,$85.17
911,0x3a4c2c9374aa418aa05975cd8c3212bd4ecb5f55,,142.9581203,0.00%,$85.15
912,0x119501aa553876171e73990cc179f7ac609e9695,,142.1635113,0.00%,$84.68
913,0x18387d229cdbfeaa30da66de334c5e2c7ce5dc3e,,141.702129,0.00%,$84.40
914,0xdaab9dd5ffad2585b18fecd40e14d051cfc04363,,141.2672238,0.00%,$84.14
915,0xc6604dccb56da0c1666bf31224dd2d94017e9420,,141.0974494,0.00%,$84.04
916,0xf26da79170de126949a4f8b440b1143ab2ebc12b,,140.0086094,0.00%,$83.39
917,0xea7e7aa1446ffc1f859a291f46be6d247d6ebe12,,140,0.00%,$83.39
918,0xab5abfdd2c088091663edc510208dde3545cf697,,140,0.00%,$83.39
919,0x34bd4eeef8257a3d5d77aa5420e7fb332cdd07a6,,139.9615572,0.00%,$83.37
920,0x2757187a3a07a54ecc7f53c6e1170124b47e921f,,139.3375032,0.00%,$82.99
921,0x783780af7edbe07c1677a33b2f5c616e26e153f7,,139.2478545,0.00%,$82.94
922,0xbbf7b0f59dd8c59e67eeb4fcbbd02daf088ed8c3,,138.7715801,0.00%,$82.66
923,0xc334cd8582cbd15f1f76b1ef875e561b622fb3eb,,137.85,0.00%,$82.11
924,0xece170d83df4372d224f4fead493a3a5fc7fa99b,,136.91,0.00%,$81.55
925,0x8197079a5e8315d59faeff4100bc24efc6568252,,136.1580791,0.00%,$81.10
926,0x1f1767c53e41e73a146c5980d8877eb5a59cec1b,,136.0549561,0.00%,$81.04
927,0x440a635c2ce23272a579ee4de7c053a624533275,,135.7125943,0.00%,$80.83
928,0xef0932fc1733f3a4361ba5486ac75fe56776a0aa,,135.3151116,0.00%,$80.60
929,0x3486a9110e2c39d90f6c13835682e259d5c7165d,,134.6384132,0.00%,$80.19
930,0x87b04ed9df286782435235c0592944b4f5935486,,134.5882654,0.00%,$80.17
931,0x1b76b50b98c729ec6d2cd2dda7411961b093d1a4,,134.5012098,0.00%,$80.11
932,0xda8c160be326e2f67e147e1b0bc4e5010677a168,,134.039229,0.00%,$79.84
933,0xf3ace9b031000b9b2a9a2a1e38c10815601c1331,,133.7727059,0.00%,$79.68
934,0xed2d790515f0eb29172f1fe2dabd958a87a04fd3,,133.425,0.00%,$79.47
935,0xcdc1ed544570216ba6fd1c34201f1c0fd591f7af,,133.287679,0.00%,$79.39
936,0xa6a338a04ef2bf70851871bdcd3cc7803e6f6ee3,,133.1341621,0.00%,$79.30
937,0x997c0d2f1d46557481073a49b1f1ca11f45961cb,,133.02,0.00%,$79.23
938,0x077c33a1f7f628d620725c5ebf59257ec5bdc93b,,132.3493588,0.00%,$78.83
939,0x137e1c0e9af01849cdde124ebabfc52c1f434a3c,,132.2540749,0.00%,$78.77
940,0x4d3ebdfd7cac72362a11b164820819e4fc02fd05,,131.8900716,0.00%,$78.56
941,0xcb13ded4ed645a3546524cb36efae78c5c8fb0ac,,131.5444554,0.00%,$78.35
942,0x90b3761ff7a6dd6b890186a134639c008329c8f9,,131.486582,0.00%,$78.32
943,0xa930d7494dfa42b14066ecc1b4cb75e0c4eb09ed,,130.77,0.00%,$77.89
944,0xe44195b6b5604886ea53973c2ddf990854089aaa,,130.4586222,0.00%,$77.71
945,0x6ac1e6afb2084d1507290d0a131c2a14daded011,,130.3800552,0.00%,$77.66
946,0x9bafb6b3710d69d2cc6e560d274cdd8e731d1c35,,130,0.00%,$77.43
947,0x4b02b2d27c8360f40bf1a3d135dbe95ac9360e58,,129.9634734,0.00%,$77.41
948,0xf9e6910b1779e42d871ef8dc230d7b4f893962bf,,129.9368557,0.00%,$77.39
949,0xfc0f1382f8523f6b4a75e0165027ec99ef56bcc6,,129.714569,0.00%,$77.26
950,0x71ef8693e0c5991414f56fced27656d958d86a90,,128.84171,0.00%,$76.74
951,0xa7edf97e7998de170f97d7d4317625cff7bbbcb9,,128.5026133,0.00%,$76.54
952,0x01cb39640424e1fa7cfd36d413516254b88a44bd,,128.4627605,0.00%,$76.52
953,0x4476c596819f9c2aca2f99e285c815c4a4570fdd,,128.2333423,0.00%,$76.38
954,0x3ac6fc03cb3893c47941412597e4ec621921e1ba,,127.792,0.00%,$76.12
955,0xb6d8aec083fad97b6a0c59f13c3b7c419af68bf1,,127.27,0.00%,$75.81
956,0xd2e1559d7c27cdf852c3eaa06c32621cf518da96,,127.010513,0.00%,$75.65
957,0x3eb92ecee1feae5b17934aca81dd6648c2cfe752,,126.1592495,0.00%,$75.14
958,0xffbf0e1c114919178c94c5a72c121380c843bd2d,,126.1043897,0.00%,$75.11
959,0x8696b6cc92b860dceadaaf647f0b7b9e2d19eb57,,126.0411574,0.00%,$75.07
960,0x89f1801ce1650e67070b6cb19e8047bf62e44cca,,126,0.00%,$75.05
961,0x9ed073a31d556c6e1375bcc62a7f3f982b3b6054,,125.8303389,0.00%,$74.95
962,0x031a3ed0471e4d0c31f3652c513a3fc6f039fd79,,125.8013634,0.00%,$74.93
963,0xf10a2dfc89f8b318144659abc25e96a3573beed6,,125.7961705,0.00%,$74.93
964,0x0c927454e152ec8591033545c82aef795a05115a,,124.6087769,0.00%,$74.22
965,0x544c8c4d8e04287767030478f9454d2e0a42a7dd,mahan2020.x,124.1366467,0.00%,$73.94
966,0xb02973c9d0e2d9cf0b30601e1bd316bd2de7595a,,123.6461337,0.00%,$73.65
967,0xb2b23221d233bedddc825c6fb485040e5ee26f0c,,122.9772674,0.00%,$73.25
968,0xaaa69b7ddf774040c45ec8bd601939edf89f5cd9,,122.8669671,0.00%,$73.18
969,0x6a0a5eecc9de63bf0b466062c8f14ba9dbe0813f,,122.7546658,0.00%,$73.12
970,0xd81b19077beabcd1900f371611e26af6fa243d49,,122.5697594,0.00%,$73.01
971,0x0c8188fb034457655d78e14ff4797c50e24c3083,,121.2295013,0.00%,$72.21
972,0x50a5445174d39350d8310314539f0157ddb6159a,,120.7622189,0.00%,$71.93
973,0xf6dc4d753e663bf2ae79cf61f3509f916528068d,,120.6719162,0.00%,$71.88
974,0x387b00f2a077c15686291f29cdf52939a1693abb,,120.271,0.00%,$71.64
975,0x632917b7d86cc115a31390b2fa948617d9958bd0,,120.1642559,0.00%,$71.57
976,0xe7ee5a3a7e0c9114a0d39f53619bad9ec7466068,,119.9116433,0.00%,$71.42
977,0xe11d035f6f3381a1919f7c3bc6267b5fb18b6d5a,,119.3763581,0.00%,$71.10
978,0x04a1925a6ab8e38c84a4a9dc3aac670e000496b2,,118.7998477,0.00%,$70.76
979,0x045cd0cee4a08e655474097859ce5ba4bf90c3ea,,118.613423,0.00%,$70.65
980,0xbe1d583f435414d3950830f89638986caa72f461,,117.7040798,0.00%,$70.11
981,0xb9aab051af8ff6495535cca78fe240d4e451fa50,,117.6481212,0.00%,$70.07
982,0xfe08945f392cf1873f2c5b1bd7c7401e452153a8,andybut0101.wallet,117.5745324,0.00%,$70.03
983,0xe9b90586d799fd48558bae44ef759e4f794f35ba,,117.3185347,0.00%,$69.88
984,0x44a1f2013f4a02c3d92d099fab6ee6de66aa556a,,117.3182667,0.00%,$69.88
985,0xb40ce57c88f2c75928dcb2f12c6c8169ed988e08,,116.8602146,0.00%,$69.61
986,0x48e00074281ed29fe57b0fdfd58fab89ea2d8dc1,,116.8064979,0.00%,$69.57
987,0x4c3a44fcd70306bf25302506177e74f61bd749f6,,116.6527391,0.00%,$69.48
988,0xb3260a8a221c17dd81f2e3396cbb7ea2dc2a08de,,116.6303389,0.00%,$69.47
989,0x05022c77bb7f3b775b82efd8bc43d9d05a56537b,,116.3370443,0.00%,$69.29
990,0x53d6891407986475b2fb6f79d580c5f93f48aa2a,,116.2554052,0.00%,$69.25
991,0x4e397f3fb714825a5b67b2ecd0c50060d381b201,,116.2326237,0.00%,$69.23
992,0xe5280ea9448aa640fed1097ec6e286520087c9f1,,116.03,0.00%,$69.11
993,0x53a2091681b4fbe0935b04e06b27062a8c143560,,115.8624139,0.00%,$69.01
994,0xdd01980563e5230a01f95f8372360c1abf731034,,115.5862916,0.00%,$68.85
995,0x1ad52d19100a689cca27923fe7092e005ee9daf5,,115.3954727,0.00%,$68.73
996,0x3474dd0978816fb06f378d843efb5c0ff8f1411a,,115.2145637,0.00%,$68.63
997,0xe82e37102ce95929def4ac4dde4a6be1dccb3c08,,115.103954,0.00%,$68.56
998,0xf22c5d919bb6dd3b020fd187b504250bb607d125,,115.1006489,0.00%,$68.56
999,0xfcae8fbaabb5336d8f4ddd76e6542fd6b89be68e,,115.0377824,0.00%,$68.52
1000,0x85df04927b38f01a73f2c17e9d72bda8b943813f,,114.864507,0.00%,$68.42